relative_path	bytes	sha256
build/debug/ClassMngrStartupPerformanceTests	4128560	95bc0652ea402d4912462d67f7b290c2df3a7d87b8b3a3ac0b5bbb5adafabeff
fixtures/representative/representative-startup.tps	135168	4a3b270c4cc7d14c457df4ead110217af90843f2e04da0f727c9a8ccc1a00751
fixtures/representative/route-manifest.json	3289	58e010b3307c75df320ba13fca2424df080d0442f3b49713759767ec4eaad063
fixtures/representative/runner/runner-stderr.txt	0	e3b0c44298fc1c149afbf4c8996fb92427ae41e4649b934ca495991b7852b855
fixtures/representative/runner/runner-stdout.txt	537	1151aa76e44517274ba6c9c955bcea40109ef111de1d010669bddc10f6a264ce
logs/runner-self-check/runner-stderr.txt	109	970ec884a81f24ec72cf115b5112ad801be88171d21fb757eb5ff44c114858ce
logs/runner-self-check/runner-stdout.txt	388	f8fc29d660d051bbd82eb1617d122de18ddd05a6c72edc69084b53f2a6f93a5b
logs/verify-reused-package-signature/runner-stderr.txt	0	e3b0c44298fc1c149afbf4c8996fb92427ae41e4649b934ca495991b7852b855
logs/verify-reused-package-signature/runner-stdout.txt	0	e3b0c44298fc1c149afbf4c8996fb92427ae41e4649b934ca495991b7852b855
memory/calendar-import-error/calendar-import-error.png	116204	38b7df6bd900e6688607303fe018a4d1aa52e213fb801eaf1811cff4eb7fb1f2
memory/calendar-import-error/calendar-import-loading.png	110452	614a636091a551c4cefe8ff5d4520c8315e9b7a810c550beb70e31542bb4a531
memory/calendar-import-error/generated-large-calendar-import.xlsx	16284	25a5bee84b02f97d6ec72f5c21ba0909a5e6f68edc1e10607ade75b2435c73fb
memory/calendar-import-error/large-calendar-import-workflow.json	1188973	60417998e8d25a43b31531bc53cae32e2e75aeceec1edbb3beadb5614681ef2f
memory/calendar-import-error/malformed-calendar-import-response.bin	69	35cda6bf051eaf8f5d36a39b6a632a3af34b8b697316db6192aa70ca2b1eabaa
memory/calendar-import-error/manifest.json	12121	53747d1efa3489100cf4a4a68cfe8d2d9d390a3c6c5a2573f00ef63d1dd36f1e
memory/calendar-import-error/process-stderr.txt	3949	562600055d3f6bb96a9018872afe1cc177afc47b76ba626975f791572cc16673
memory/calendar-import-error/process-stdout.txt	0	e3b0c44298fc1c149afbf4c8996fb92427ae41e4649b934ca495991b7852b855
memory/calendar-import-error/route-manifest.json	3383	fad5066e8695cf8b819669157cffa073a75257ff96d02944bf0fba8d4db7436a
memory/calendar-import-error/runner/runner-stderr.txt	0	e3b0c44298fc1c149afbf4c8996fb92427ae41e4649b934ca495991b7852b855
memory/calendar-import-error/runner/runner-stdout.txt	534	97426afe6d5fcd914a9444cbd0f0844f92cd47ea60ea5689602ad3f5d1e94f28
memory/calendar-import-error/workflow-trace.txt	8876	0c40020962d076e1b054db3427119c5f2c45e709eadc05750a269de1dd3b56c1
memory/calendar-import/calendar-import-loading.png	110452	614a636091a551c4cefe8ff5d4520c8315e9b7a810c550beb70e31542bb4a531
memory/calendar-import/calendar-import-preferences.png	98007	5a84604403f0705027e9860634cdb68c4f033614dfa300ba672a56d2c025d3b3
memory/calendar-import/calendar-page.png	17455	d9fe443a4e788aa6d7dc51d8511962a77649e0f1e652b95a3e2ef908d6ebd5e6
memory/calendar-import/generated-large-calendar-import.xlsx	16284	25a5bee84b02f97d6ec72f5c21ba0909a5e6f68edc1e10607ade75b2435c73fb
memory/calendar-import/large-calendar-import-workflow.json	1261301	34979a36b8676b50d1776b5b32139ad723af21e4a9813af6513ab1788dcb42a0
memory/calendar-import/manifest.json	23557	4ddd5a1dbf0092ef2c0e820d287150e4d5e240b7bd2997357dfc6971867c6716
memory/calendar-import/process-stderr.txt	3949	562600055d3f6bb96a9018872afe1cc177afc47b76ba626975f791572cc16673
memory/calendar-import/process-stdout.txt	0	e3b0c44298fc1c149afbf4c8996fb92427ae41e4649b934ca495991b7852b855
memory/calendar-import/route-manifest.json	3285	6679b256263b9c542b47c6b1b038bd356f2b81db70e763fd0f7d00cd764b18ee
memory/calendar-import/runner/runner-stderr.txt	0	e3b0c44298fc1c149afbf4c8996fb92427ae41e4649b934ca495991b7852b855
memory/calendar-import/runner/runner-stdout.txt	535	67606ae8f1bddbbc011ee48563d22686b21d66e45a47ffc044336c13f62bd135
memory/calendar-import/workflow-trace.txt	8986	45c5b28c684f176f5ba494d9160b5cb8c61665cb2ff81e16557702fc0782d2b5
memory/class-transfer/class-transfer-review.png	133331	c6a408b56c26770d1f6a32b433fa3924c78ff0d5ab531aff2d16381ad8e0a45d
memory/class-transfer/generated-large-class-transfer.json	1670670	d3ed9a95b79eb67e7e6045e4a4c8a2db3e5f8ac86b2acb1ec096fb08f9999eee
memory/class-transfer/large-class-transfer-workflow.json	1197896	51a190a30df558da7c43183b5de45d20fd091395d28d7cfe248fa1403ba270b7
memory/class-transfer/manifest.json	14132	084b0244eb5f83cb88e232ef5fe4d04629985b3d68890347bdbd483c79ee97a0
memory/class-transfer/process-stderr.txt	3949	c147622f6bc05ebdd5d6850388c7651f9526b1cea41c307e48b3d2ba11c0bc9a
memory/class-transfer/process-stdout.txt	0	e3b0c44298fc1c149afbf4c8996fb92427ae41e4649b934ca495991b7852b855
memory/class-transfer/route-manifest.json	3267	dbe2cd000bf73d621da3a2dcd1f71ef0a570b5e5c4e4f6d8a1001c2d1ae6efe0
memory/class-transfer/runner/runner-stderr.txt	0	e3b0c44298fc1c149afbf4c8996fb92427ae41e4649b934ca495991b7852b855
memory/class-transfer/runner/runner-stdout.txt	534	df62efe5d7f7d15b8de9bedc83726619df9531a6d5c469d4e7d1e24d53f126e2
memory/class-transfer/workflow-trace.txt	12221	09908c9118d3016e3c2bb9f6ddeb40ebb6206c91720c29f321764915a39cbb02
memory/classes/large-classes-workflow.json	1189591	4f665967badaccea15a54872bf1a60258553977e954a35393de55969ddaf2c27
memory/classes/manifest.json	194481	65294f8123fe4c5ca1a0eb70fc3bd5e4f247f9b05d2a5baf30f5128dc3456e99
memory/classes/process-stderr.txt	3899	5d1096ffc2a46b811e0a4b1d712547af4e22c9418775f1ca2bdcecbecf6999b6
memory/classes/process-stdout.txt	0	e3b0c44298fc1c149afbf4c8996fb92427ae41e4649b934ca495991b7852b855
memory/classes/route-manifest.json	3221	c70daa646d02bd6405a81808b90243f62c1620f856283788a7347c79ceb655e5
memory/classes/runner/runner-stderr.txt	0	e3b0c44298fc1c149afbf4c8996fb92427ae41e4649b934ca495991b7852b855
memory/classes/runner/runner-stdout.txt	528	45f5763c0353fcd8270794f19dd159800edab2dfb17d8f9720c442330ab28732
memory/classes/workflow-trace.txt	8425	006bd9760f7f30995c2f6752439f8c39ddb74c52f828d5827b9e031dbc33aa63
memory/resource-trace/generated-large-resource-trace.tps	622592	dadd8dcfb7abbbb291e5975286413cf1c489c793c8e640d33c181112df38835f
memory/resource-trace/large-resource-trace-workflow.json	1047137	c40e8b0389326a2dea88273ad5b0923b466a320b1d4ec6ea2e61e1d531440909
memory/resource-trace/manifest.json	132693	8265bf8377a869c9d579e2d1474bdbf1324833829f0aee8008f2d0315cfa2ec8
memory/resource-trace/process-stderr.txt	3899	5d1096ffc2a46b811e0a4b1d712547af4e22c9418775f1ca2bdcecbecf6999b6
memory/resource-trace/process-stdout.txt	0	e3b0c44298fc1c149afbf4c8996fb92427ae41e4649b934ca495991b7852b855
memory/resource-trace/resource-trace.json	119411	045389e61ac8b2f654d5a2828658518315b98ceeb48c0931f0dd7b4992c97bd5
memory/resource-trace/route-manifest.json	3233	fbc5c5154b7ffec26df4fc33fa52087ee4d0b97a393d7897e7919bd8b30e5415
memory/resource-trace/runner/runner-stderr.txt	0	e3b0c44298fc1c149afbf4c8996fb92427ae41e4649b934ca495991b7852b855
memory/resource-trace/runner/runner-stdout.txt	526	2625be677a709d541741aa30a21b4b5371d1ce746a64045bbc155f8f9cc3cc09
memory/resource-trace/workflow-trace.txt	8128	711ce28ff036634764acc4ac3cd6cdee01f401ee9b81d5c1d2b6829ee636afda
memory/schedule-import-apply/generated-large-schedule-import.xlsx	17337	08e9d18501fce39b75cce6a1607dfc93070969e9880336c2b0a8612b9f45a294
memory/schedule-import-apply/large-schedule-import-workflow.json	1175716	6601033471fd102cc254ea248f7c0c63dd99a8649c6d910f2b74bd2f8d81e48f
memory/schedule-import-apply/manifest.json	46517	a97fb97e15e09cdc0ede11b15a13d97c0719aed3052c66482f83a4444bc3ad45
memory/schedule-import-apply/process-stderr.txt	4349	e278de2d3490717f9b9200e1ef5c4c82fdcb852088047bde6a1d77d320428571
memory/schedule-import-apply/process-stdout.txt	0	e3b0c44298fc1c149afbf4c8996fb92427ae41e4649b934ca495991b7852b855
memory/schedule-import-apply/route-manifest.json	3335	8f2aa4743c77ea8c77e89eaa799e37bda93b0edd7ee9df9ce04643a0fcba6973
memory/schedule-import-apply/runner/runner-stderr.txt	0	e3b0c44298fc1c149afbf4c8996fb92427ae41e4649b934ca495991b7852b855
memory/schedule-import-apply/runner/runner-stdout.txt	539	6fa71cc4a30673c0d76f195620cacb056dc196dd454cb18901673f846d01cd3b
memory/schedule-import-apply/schedule-import-loading.png	30343	691cd3cc28da24a96bf3cc8594d5a0852cbcacc8415c2a281373647570b84575
memory/schedule-import-apply/schedule-import-review.png	197389	f054cfa69c01efd9e105b3da7c2bcef194b58e1842904ddae25e5d848dd33491
memory/schedule-import-apply/schedule-import-source.png	77699	a2f1d60b9123f079d4589991a9770d31a1490ddd8f8c6618265d12f487df8978
memory/schedule-import-apply/workflow-trace.txt	5812	158323e9f830f2f6b8cd60ef783b3d089bfb85f7644ab61015b897f1054dd6a0
memory/schedule-import/generated-large-schedule-import.xlsx	17529	e3b771db0953d5f087dc443fc91be7445528d857d1b02aaebac61a6bd661ff6a
memory/schedule-import/large-schedule-import-workflow.json	1167543	9d8a43b7c155ab2e5a527d4c5874bfab63fa59d914af01ea667a16d5307621a1
memory/schedule-import/manifest.json	23594	01549e874074c030124c36ed1f9373a3b75795f9af2b66946dde825ac96d348b
memory/schedule-import/process-stderr.txt	4299	0c377aa9ca1676be5a65b613f2f4674ff9813cced4eab5f06ce069b68b5d58e6
memory/schedule-import/process-stdout.txt	0	e3b0c44298fc1c149afbf4c8996fb92427ae41e4649b934ca495991b7852b855
memory/schedule-import/route-manifest.json	3294	f10f64418a4fbbc109d1aca64d139ed4c56f7e9024f64d153e19d7af094d6f83
memory/schedule-import/runner/runner-stderr.txt	0	e3b0c44298fc1c149afbf4c8996fb92427ae41e4649b934ca495991b7852b855
memory/schedule-import/runner/runner-stdout.txt	535	fd6906bc70ff3e28c40864e059f69b6fe0817e8fed8d55554c00e0534d9ad54e
memory/schedule-import/schedule-import-conflict-warning.png	749418	cdb1632b304debe86d6376ea607e1d14870af36c05e0cca1480c75434d7935d8
memory/schedule-import/schedule-import-loading.png	30614	86c2aa48a9845a11f21f89e62e69fb43a99b66748777205d7d76a4f4de1c9f5b
memory/schedule-import/schedule-import-review.png	175392	73a8e1006e899872ea7ee2112427f8deda7185c84fac667eef54a21f0b31a702
memory/schedule-import/schedule-import-source.png	78351	bfbc87122552dfdf6d4ba11bd0e2505b8ed8a432bd4e41a72b5552a1a13ca78b
memory/schedule-import/workflow-trace.txt	12779	e6e6b642a1767168439c6ee0764ebeadf7e97dc7bd9e577ba24a8cf9fd391cf0
memory/schedule/large-schedule-workflow.json	1162842	ce13c699b243096dbacb844b072924e301d4517fd22d0bea15b9f16ad6bbe748
memory/schedule/manifest.json	167137	096b66d8fecb0d46caca7d0d09c7d595085c687cf0969e0f7d4106f701ebbaa5
memory/schedule/process-stderr.txt	3899	5d1096ffc2a46b811e0a4b1d712547af4e22c9418775f1ca2bdcecbecf6999b6
memory/schedule/process-stdout.txt	0	e3b0c44298fc1c149afbf4c8996fb92427ae41e4649b934ca495991b7852b855
memory/schedule/route-manifest.json	3219	7401b35cc737e6e1b168993ac6fc95f2c835f1357d2d4d522299e30b7709b0d4
memory/schedule/runner/runner-stderr.txt	0	e3b0c44298fc1c149afbf4c8996fb92427ae41e4649b934ca495991b7852b855
memory/schedule/runner/runner-stdout.txt	528	eb115b2dddcf03f4a426acecc519f7b72389600369803f284e0052503b594240
memory/schedule/workflow-trace.txt	8356	e89c6feca8358cd42d11b83893f12a1578eed065a7d6a763ed73cf5ca252c690
memory/staff-directory/generated-large-staff-directory.tps	643072	d60176721613ef7eef127856a95e51805c7a9b12671353b35289a5e1e8ee7363
memory/staff-directory/large-staff-directory-workflow.json	1221475	e810f04c2b7885e342d87abbabf5965fffad955ee927dd1f194e46660b3a8bc8
memory/staff-directory/manifest.json	14117	8885a60ee4fed5a8902d9ee4a5ec8aaf8e6d565edbe1833429fc7937260d6e75
memory/staff-directory/process-stderr.txt	3899	5d1096ffc2a46b811e0a4b1d712547af4e22c9418775f1ca2bdcecbecf6999b6
memory/staff-directory/process-stdout.txt	0	e3b0c44298fc1c149afbf4c8996fb92427ae41e4649b934ca495991b7852b855
memory/staff-directory/route-manifest.json	3280	765580af9bf31ac9baf8bcb17eabd2d2bd738e916c97a8614d887f4e0cc39174
memory/staff-directory/runner/runner-stderr.txt	0	e3b0c44298fc1c149afbf4c8996fb92427ae41e4649b934ca495991b7852b855
memory/staff-directory/runner/runner-stdout.txt	534	c9e653e9b4197fd2697119c610312f9883aa6b36aaeba0ae5f5e829983a771ed
memory/staff-directory/staff-directory-gs-team.png	61398	adc7039e0066eee81b6afc5020a21de8e13819e10e1f25daa1537379d71f9e5c
memory/staff-directory/staff-directory-native-english-teachers.png	54918	5f9d1476cea1259d2f2084af3e2c8d6ccebc1b210489d53b74a6051053060895
memory/staff-directory/workflow-trace.txt	9500	9f3ed8988774b6801142e46ad5d312cb3832b57d6bc5c0a60fc0ad5c77b99a76
memory/sub-prep/large-sub-prep-workflow.json	1259734	ee621f172c6c42b11c3f2d08b3bc46c0d88547bd69b80355043dc51ce550c335
memory/sub-prep/manifest.json	183874	ae0315fc61824ace6cb72ad091be6a5ab7dbe9fe2e10e8f7e739b4312d20c4af
memory/sub-prep/process-stderr.txt	3899	5d1096ffc2a46b811e0a4b1d712547af4e22c9418775f1ca2bdcecbecf6999b6
memory/sub-prep/process-stdout.txt	0	e3b0c44298fc1c149afbf4c8996fb92427ae41e4649b934ca495991b7852b855
memory/sub-prep/route-manifest.json	3218	dc47ed3dace231d8b9da1b34337341591b2fc1ebd20e608f7644a97c7fd3c1c4
memory/sub-prep/runner/runner-stderr.txt	0	e3b0c44298fc1c149afbf4c8996fb92427ae41e4649b934ca495991b7852b855
memory/sub-prep/runner/runner-stdout.txt	528	7191b8e1b22ce46c2e7e4485f357702a95cc72ef3187e1932f865f64bb1bf983
memory/sub-prep/workflow-trace.txt	45883	a2da3dde942f6fee5de6a1ceeaeb283f6a3cd63401e05045309d96579e7a03bd
output/speaking-evaluation/generated-large-speaking-evaluation.tps	991232	12fa0b54ddc6bf7bdaab45ce562fa0838fcd589ec080a51d2d9a2572580b195b
output/speaking-evaluation/large-speaking-evaluation-workflow.json	1250471	4d5fa41294f3fcaac663f6df079a0c1852ea7dc93ce21fab2960c4dd05f51bc4
output/speaking-evaluation/manifest.json	14311	c0a291be3b882c22af915ca8176818d6b59dee0c7aea80dda404d0a147e1cf59
output/speaking-evaluation/process-stderr.txt	3999	0932d6915ccc5b1b90344dee19256a792024e874f7ee75c97619d33e3108a6d7
output/speaking-evaluation/process-stdout.txt	0	e3b0c44298fc1c149afbf4c8996fb92427ae41e4649b934ca495991b7852b855
output/speaking-evaluation/route-manifest.json	3318	adc92cf42573ad38c96c51485f4ee621a414800c1f7dac8298d8193c544c73a9
output/speaking-evaluation/runner/runner-stderr.txt	0	e3b0c44298fc1c149afbf4c8996fb92427ae41e4649b934ca495991b7852b855
output/speaking-evaluation/runner/runner-stdout.txt	539	ef9ac7b54661c6b9fd6cb3afb16c0f6c38e60190015c8f5cd970f273ed185edf
output/speaking-evaluation/speaking-evaluation-ai-review.png	133730	1f10fc5bd359d57cc764c3b9dd250ac1f00c4bdfffaacfce4cad4eda60429215
output/speaking-evaluation/speaking-evaluation-export-dialog.png	62425	7690b04afc66857713211f7835d10b539b7bbf74b26921d4cd0a785b932488c5
output/speaking-evaluation/speaking-evaluation-output/StudentAA.pdf	2065977	4b1348deed483e7a7ee4fea75b203fc44f13aaef9a7916edc4aba8d510eb0795
output/speaking-evaluation/speaking-evaluation-output/StudentAB.pdf	2065388	f55c6374fb2923bef436c6af27aec712d0f52cec43aa3bcaacfcd6f5b1f44921
output/speaking-evaluation/speaking-evaluation-output/StudentAC.pdf	2065438	229fe8d333583f6560b8f367e36683d07ac081d01b3fd321c5460a55f9c25c0b
output/speaking-evaluation/speaking-evaluation-output/StudentAD.pdf	2064974	4e118f08400bd70232cfef1498e45b0ad2c578c451a5a8a18e2faff84f9cb016
output/speaking-evaluation/speaking-evaluation-output/StudentAE.pdf	2064513	229e65ef666362578d3b8e1c0c77080405e68be0eb293676f023c15447393775
output/speaking-evaluation/speaking-evaluation-output/StudentAF.pdf	2066021	444117f33c280c0e01a936d5f73d47728068919146bb281434682511fef4ebda
output/speaking-evaluation/speaking-evaluation-output/StudentAG.pdf	2065381	c7b602221561b5eadcdad9d22b59675b941f9764b1c8a4efb3db4133fb1a1ef5
output/speaking-evaluation/speaking-evaluation-output/StudentAH.pdf	2065364	9279889e9dd146f3ca0b1062214f285a3ef01aa10559403abd8054dc07fb6ef6
output/speaking-evaluation/speaking-evaluation-output/StudentAI.pdf	2064917	70a85fa321792d54d76c9b970f8fa7e8079ce2d2326db7ac96ec647479db31d6
output/speaking-evaluation/speaking-evaluation-output/StudentAJ.pdf	2064590	797a8498a9029112931d4f1e711aafbd457742af0d4bda13e2e7c15cc2522d5c
output/speaking-evaluation/speaking-evaluation-output/StudentAK.pdf	2066053	761563b4c1a0f71340b78fa73ed171b02aaff65dd58f772a55456b33d08e2d01
output/speaking-evaluation/speaking-evaluation-output/StudentAL.pdf	2065249	62e12f00710040d6fe0b5ea8b67af55bb0d2773d9a4988c36534b060c8cb4110
output/speaking-evaluation/speaking-evaluation-output/StudentAM.pdf	2065465	6e699dce823f72225a314e1272d7c1fc415e777fa866975060ab3deb96316007
output/speaking-evaluation/speaking-evaluation-output/StudentAN.pdf	2064985	8378dcdf9b7767c1797021ce40a3b3cdb1d89efda14f8482df6fc36d35c0f61b
output/speaking-evaluation/speaking-evaluation-output/StudentAO.pdf	2064632	fec5739e5d4f2516c0d08fcaec59adc06a138f14e226578bb6571c1541c533aa
output/speaking-evaluation/speaking-evaluation-output/StudentAP.pdf	2066066	b19a0cd58aabae81435362b553488df597298027580cf4a95141dadd4bf879c5
output/speaking-evaluation/speaking-evaluation-output/StudentAQ.pdf	2065385	0eac05f2305bb1a73fbd65022cc8dd33eea26985546e148f92fc1b999dfe02b8
output/speaking-evaluation/speaking-evaluation-output/StudentAR.pdf	2065410	524b620744a2689af28f3193367e4be9577ee17c8fa38d19cff6f2f72a135b28
output/speaking-evaluation/speaking-evaluation-output/StudentAS.pdf	2064891	c8a946e762c9ae3c00a9a2e08f26d9eacf1abd45b4fc11df90f93b385643e2d5
output/speaking-evaluation/speaking-evaluation-output/StudentAT.pdf	2064519	8ce0aade07a0ff3ac1adad67dd688f8b0e6284ecf7816ab26ab91fbc489a5bf0
output/speaking-evaluation/speaking-evaluation-output/StudentAU.pdf	2066064	fefb5abc772490de225784757e63c8add3a023cb92a7c6207e6983ce1daeb54c
output/speaking-evaluation/speaking-evaluation-output/StudentAV.pdf	2065309	79e4592386a8c3966145c6eeeb7fc2a879e11e44c44f14d998bb2549e0b0f785
output/speaking-evaluation/speaking-evaluation-output/StudentAW.pdf	2065438	f460239f13130c59060ed37d4f8a7fadda59a041086461b49d16f410b2cb29a8
output/speaking-evaluation/speaking-evaluation-output/StudentAX.pdf	2064988	860090f1250ccbc5090b71b10712cf243ac9e95190b5b61b8ba9ef2f56d5ec53
output/speaking-evaluation/speaking-evaluation-output/StudentAY.pdf	2064591	b7b68746878289a469e8ddca629cc8d0c956b6e5cbc4702b0444633a2afc4567
output/speaking-evaluation/speaking-evaluation-output/speaking-evaluation-output.zip	51634180	46a52e824c43562b22be87320a3837fb4201c2d08067cc8993848311021a3190
output/speaking-evaluation/speaking-evaluation-page.png	30075	d54016743f17127fb7059a7d4b12a02b0dc097735d3428c1e0f00d4bf1245a5c
output/speaking-evaluation/speaking-evaluation-powerpoint-renderer.png	101893	c669320510f5a03fabb9ec253ddf0c815f0a8e868d55018ee45dc3a6850cc2e5
output/speaking-evaluation/speaking-evaluation-report.png	106550	9e98a081624b4807f3befeed8cb3f43164b89e99cccc06a6793f50236a205485
output/speaking-evaluation/workflow-trace.txt	9517	eb47f6414cb20c02d53a4d25d7b17186a7a90404452e75148bb4db783b976188
output/sub-prep/generated-large-sub-prep-output.tps	622592	4b190baa546508ec076158ac6f668c11a1fdff6884c77f909068247887431667
output/sub-prep/large-sub-prep-output-workflow.json	1362220	76889204f9788f7ed303fb5fc43b7b8f9e6e280a2f83f17087e71815c0e70dc5
output/sub-prep/manifest.json	1165	e2fa997457d501a8cb28038d7e8e51c5c75af049ec2a6a231bc5ebc122cffbdf
output/sub-prep/output-target/Teacher 01 (14 - 18 Sep 2026)/Rosters - By Day.pdf	82492	6e92ec938ddb3f185ebbefe82a13267f861eee375cfd9b2cc92b87247d210b8b
output/sub-prep/output-target/Teacher 01 (14 - 18 Sep 2026)/Sub Prep.pdf	68488	639a25e5c69d102eb3a2fb2d2a362dbdf7255384b2357b750c167145d9e683c6
output/sub-prep/output-target/generated-output-1-first-page.png	575228	82fc559420f5214de4ce87969286d75f48ed3accec680d0bf8ef693e14265fa1
output/sub-prep/output-target/generated-output-2-first-page.png	335621	1cfc1207339cd7438f357264cd2fc45146b60d99d6206e4b1314bf992be8b194
output/sub-prep/output-target/sub-prep-output-dialog.png	53103	fed124b16f1cbf3c8226dd28249173a26c9b0cc176c016f2c081b8a0130e0658
output/sub-prep/output-target/sub-prep-output-validation-error.png	55266	f97d8bacf5e6a16c56e91524b5b7f7afdfe642a18cab41edf5c91b98bb3a86b1
output/sub-prep/process-stderr.txt	3899	5d1096ffc2a46b811e0a4b1d712547af4e22c9418775f1ca2bdcecbecf6999b6
output/sub-prep/process-stdout.txt	0	e3b0c44298fc1c149afbf4c8996fb92427ae41e4649b934ca495991b7852b855
output/sub-prep/route-manifest.json	3234	d133c0c624f611d20afd966cdcc25b2e53d7ebaa23b17347e096f995c6b3283c
output/sub-prep/runner/runner-stderr.txt	0	e3b0c44298fc1c149afbf4c8996fb92427ae41e4649b934ca495991b7852b855
output/sub-prep/runner/runner-stdout.txt	534	388f5a9ea644ac46a579c6dc4907a65bbd09a9b60c44016ebcc33069b9de90a1
output/sub-prep/workflow-trace.txt	69591	8a5051ac9cb207b4c5237afd184c37ddd2add8bbf67db8600d6244738c073a50
package-provenance.json	1455	6e576601d76a801983e9f8589862ba239b128928db6ea46f368f7e783adcf765
package/ClassMngr.app/Contents/Frameworks/QtConcurrent.framework/Versions/A/QtConcurrent	105168	0290aba19e6984a367f9e70a6e4419a6432520b994f810849b599b67675770fe
package/ClassMngr.app/Contents/Frameworks/QtConcurrent.framework/Versions/A/Resources/Info.plist	822	79845f73036301961284b32ca4c6ee01762c2d1df390a02310b8a28d18773acd
package/ClassMngr.app/Contents/Frameworks/QtConcurrent.framework/Versions/A/Resources/PrivacyInfo.xcprivacy	343	089a52a2b22d99aa7fbb15637c43b9fe8df14993924caf09fe9505a5c682cb9c
package/ClassMngr.app/Contents/Frameworks/QtConcurrent.framework/Versions/A/_CodeSignature/CodeResources	2690	481bb14c21a3d1aefcbdad076310aed8f03b3e5cafc4f4638fd1437eebdcd79d
package/ClassMngr.app/Contents/Frameworks/QtCore.framework/Versions/A/QtCore	12882128	ee57f349cd5bb55727abb66e6367cd635e1df6f3f97e63b6649c2e98a7d20a70
package/ClassMngr.app/Contents/Frameworks/QtCore.framework/Versions/A/Resources/Info.plist	810	4628ea4f3801c3b59d36d6ac00987a8476c568a25adc9fe170f67c72262dd7f7
package/ClassMngr.app/Contents/Frameworks/QtCore.framework/Versions/A/Resources/PrivacyInfo.xcprivacy	343	089a52a2b22d99aa7fbb15637c43b9fe8df14993924caf09fe9505a5c682cb9c
package/ClassMngr.app/Contents/Frameworks/QtCore.framework/Versions/A/_CodeSignature/CodeResources	2690	1df611fe8a09bacb740e42a4ab9c4faac603f47b1c07b85a6c7e36f11c37a60b
package/ClassMngr.app/Contents/Frameworks/QtDBus.framework/Versions/A/QtDBus	1433808	75eb97efd126fdfc9923f7f378aea80baefcd02d161a44b5c6b1608e43f77f19
package/ClassMngr.app/Contents/Frameworks/QtDBus.framework/Versions/A/Resources/Info.plist	810	598b31cbb9b1c16eb910ed1c63178b1d6484c78f59cd71b4373add0b9f4f79eb
package/ClassMngr.app/Contents/Frameworks/QtDBus.framework/Versions/A/Resources/PrivacyInfo.xcprivacy	343	089a52a2b22d99aa7fbb15637c43b9fe8df14993924caf09fe9505a5c682cb9c
package/ClassMngr.app/Contents/Frameworks/QtDBus.framework/Versions/A/_CodeSignature/CodeResources	2690	9947d2b40afee7d05ad4945d88a9602149b6a64038eecb8c36df66b15777ff9b
package/ClassMngr.app/Contents/Frameworks/QtGui.framework/Versions/A/QtGui	18013568	c711aea83de92f2c5211c76ac3e8656cf2d19fa7b2fe3d4b98c73a5abfc0d6f2
package/ClassMngr.app/Contents/Frameworks/QtGui.framework/Versions/A/Resources/Info.plist	808	48662e83d61e1ec30f07d84d7462960e73369dc353c1d2c22504a884b2141528
package/ClassMngr.app/Contents/Frameworks/QtGui.framework/Versions/A/Resources/PrivacyInfo.xcprivacy	728	32d88e11cd51168795d7de8b726e31d670d7506d2d6700e9508e247b8e53199b
package/ClassMngr.app/Contents/Frameworks/QtGui.framework/Versions/A/_CodeSignature/CodeResources	2690	05f099437ba62bc395412f773e92ff7a3bbc214c5a677ea5758563134b6a4e44
package/ClassMngr.app/Contents/Frameworks/QtLabsFolderListModel.framework/Versions/A/QtLabsFolderListModel	292032	0e7d8d657fa8a349c66cb65f1f780e03a2177243212436464d2357a58b54c6df
package/ClassMngr.app/Contents/Frameworks/QtLabsFolderListModel.framework/Versions/A/Resources/Info.plist	840	52e20e883c1da1d43520c2ccfeff0c11cfc5604b347ad1d1687451e6773af030
package/ClassMngr.app/Contents/Frameworks/QtLabsFolderListModel.framework/Versions/A/Resources/PrivacyInfo.xcprivacy	343	089a52a2b22d99aa7fbb15637c43b9fe8df14993924caf09fe9505a5c682cb9c
package/ClassMngr.app/Contents/Frameworks/QtLabsFolderListModel.framework/Versions/A/_CodeSignature/CodeResources	2690	8fe580b277d0c3cf218676a52f829ea87eea1f940b06c62989432992d78293d3
package/ClassMngr.app/Contents/Frameworks/QtLabsQmlModels.framework/Versions/A/QtLabsQmlModels	432272	cb3618ec65452c8e9021638dfbe6b3e557d743a4c924934e02d3c0e487835e02
package/ClassMngr.app/Contents/Frameworks/QtLabsQmlModels.framework/Versions/A/Resources/Info.plist	828	19ca42570c62abc5b5d5234cfa3a628a111244edc5e5bb99bef4df7fc5b144f1
package/ClassMngr.app/Contents/Frameworks/QtLabsQmlModels.framework/Versions/A/Resources/PrivacyInfo.xcprivacy	343	089a52a2b22d99aa7fbb15637c43b9fe8df14993924caf09fe9505a5c682cb9c
package/ClassMngr.app/Contents/Frameworks/QtLabsQmlModels.framework/Versions/A/_CodeSignature/CodeResources	2690	4055f5e810b1dfe5208ca3784bb5b4f07b1c4288c77e52a1b37fe409371b8e1c
package/ClassMngr.app/Contents/Frameworks/QtMultimedia.framework/Versions/A/QtMultimedia	2811536	1e74115e8f261c592ad1e6ac60facfa7c236f0c4c5062bafae8e46499aac7e09
package/ClassMngr.app/Contents/Frameworks/QtMultimedia.framework/Versions/A/Resources/Info.plist	822	af725d1c46fa561e08ec556ff096a839bc5108af16aa169b5b7fb81382de6ca9
package/ClassMngr.app/Contents/Frameworks/QtMultimedia.framework/Versions/A/Resources/PrivacyInfo.xcprivacy	343	089a52a2b22d99aa7fbb15637c43b9fe8df14993924caf09fe9505a5c682cb9c
package/ClassMngr.app/Contents/Frameworks/QtMultimedia.framework/Versions/A/_CodeSignature/CodeResources	2690	1a2f67240a9ba70a699ecbe03329eab8d05817bed4c01c7c5c15028a39d76f2b
package/ClassMngr.app/Contents/Frameworks/QtMultimediaQuick.framework/Versions/A/QtMultimediaQuick	635472	46adc1e57d28cb861cb983dd93a9ee970cb592661ee773a243de6dd780fea19d
package/ClassMngr.app/Contents/Frameworks/QtMultimediaQuick.framework/Versions/A/Resources/Info.plist	832	c0db530ec19c32254647b059bb528ee57578bfb0660829bf52e10dbbd2e0031d
package/ClassMngr.app/Contents/Frameworks/QtMultimediaQuick.framework/Versions/A/Resources/PrivacyInfo.xcprivacy	343	089a52a2b22d99aa7fbb15637c43b9fe8df14993924caf09fe9505a5c682cb9c
package/ClassMngr.app/Contents/Frameworks/QtMultimediaQuick.framework/Versions/A/_CodeSignature/CodeResources	2690	59fb6b9d852496f353f46ed303924e880c396e3e4cbc4c69acd5c8273398168c
package/ClassMngr.app/Contents/Frameworks/QtNetwork.framework/Versions/A/QtNetwork	3429632	e256e99fe5748b3f3b2f54e803424a1d01d7af66e7af92163fca36d86c9da4c8
package/ClassMngr.app/Contents/Frameworks/QtNetwork.framework/Versions/A/Resources/Info.plist	816	d619ce391107014fdb6f0c9deb6b89c95cf43d90255852ca34ce14bb82e2b75b
package/ClassMngr.app/Contents/Frameworks/QtNetwork.framework/Versions/A/Resources/PrivacyInfo.xcprivacy	343	089a52a2b22d99aa7fbb15637c43b9fe8df14993924caf09fe9505a5c682cb9c
package/ClassMngr.app/Contents/Frameworks/QtNetwork.framework/Versions/A/_CodeSignature/CodeResources	2690	ee5976c7925ddc04a68b15f2bccfe720ef44648c0a78a1bc8153bf4f933ade52
package/ClassMngr.app/Contents/Frameworks/QtOpenGL.framework/Versions/A/QtOpenGL	1243296	a89f6487241137856cb830c4fc03f4285c44e9b92d2c97d923649851be4afb1c
package/ClassMngr.app/Contents/Frameworks/QtOpenGL.framework/Versions/A/Resources/Info.plist	814	f445158839da9a5bea061413c886b7efda435e99027a0c921eb28245a6d5fbba
package/ClassMngr.app/Contents/Frameworks/QtOpenGL.framework/Versions/A/Resources/PrivacyInfo.xcprivacy	343	089a52a2b22d99aa7fbb15637c43b9fe8df14993924caf09fe9505a5c682cb9c
package/ClassMngr.app/Contents/Frameworks/QtOpenGL.framework/Versions/A/_CodeSignature/CodeResources	2690	683b1999651442aa84a5bef3edc783ac5026de6824613aae479e91b7ffdc09ac
package/ClassMngr.app/Contents/Frameworks/QtPdf.framework/Versions/A/QtPdf	16286192	aa933e567c18766a8b8f5bbf0bd27a13707c7e589bf25f9ca97c8540b3579e97
package/ClassMngr.app/Contents/Frameworks/QtPdf.framework/Versions/A/Resources/Info.plist	810	9aaefccc358606aff5095bf0aaf31f81c5f43c7f3b4e209cf87d2b57d4e39cdc
package/ClassMngr.app/Contents/Frameworks/QtPdf.framework/Versions/A/Resources/PrivacyInfo.xcprivacy	343	089a52a2b22d99aa7fbb15637c43b9fe8df14993924caf09fe9505a5c682cb9c
package/ClassMngr.app/Contents/Frameworks/QtPdf.framework/Versions/A/_CodeSignature/CodeResources	2690	413158b7eef302291752d9514bf86d55563fbc910c2fd37a60516b861d91130b
package/ClassMngr.app/Contents/Frameworks/QtPdfWidgets.framework/Versions/A/QtPdfWidgets	262928	66d2db067cc0ddfc12054f71b1073093f9700937642f5c055421ad594c06ee23
package/ClassMngr.app/Contents/Frameworks/QtPdfWidgets.framework/Versions/A/Resources/Info.plist	824	498bc004c6cebb66618980467095132bfce8c7021ba8ca44a49329978cd914b6
package/ClassMngr.app/Contents/Frameworks/QtPdfWidgets.framework/Versions/A/Resources/PrivacyInfo.xcprivacy	343	089a52a2b22d99aa7fbb15637c43b9fe8df14993924caf09fe9505a5c682cb9c
package/ClassMngr.app/Contents/Frameworks/QtPdfWidgets.framework/Versions/A/_CodeSignature/CodeResources	2690	38d5cc18bb72f9d6c2260cc4734559762fc454839c128f876fae3a33142d295b
package/ClassMngr.app/Contents/Frameworks/QtPrintSupport.framework/Versions/A/QtPrintSupport	936448	b48ea6c7edfeb1669e15c2205083d91c66d2434f0f1abcb25d33b97652bf104c
package/ClassMngr.app/Contents/Frameworks/QtPrintSupport.framework/Versions/A/Resources/Info.plist	826	22041664f4695130897fad1408c6e0bd913a75e2bd1f19b53c86e5be4c364a30
package/ClassMngr.app/Contents/Frameworks/QtPrintSupport.framework/Versions/A/Resources/PrivacyInfo.xcprivacy	343	089a52a2b22d99aa7fbb15637c43b9fe8df14993924caf09fe9505a5c682cb9c
package/ClassMngr.app/Contents/Frameworks/QtPrintSupport.framework/Versions/A/_CodeSignature/CodeResources	2690	33791102c4a1792d2254996865fd6fa1518d7aee9939fd159228fc14eeca3b6d
package/ClassMngr.app/Contents/Frameworks/QtQml.framework/Versions/A/QtQml	10083904	e5bd1be90d8caffbbc2064968b566a9b6e198251de06d2138172e2b99230aa77
package/ClassMngr.app/Contents/Frameworks/QtQml.framework/Versions/A/Resources/Info.plist	808	da1c907b0ef21cc089acd21a350b6d46103ccfa97678451114bceb45e9dbbf6c
package/ClassMngr.app/Contents/Frameworks/QtQml.framework/Versions/A/Resources/PrivacyInfo.xcprivacy	343	089a52a2b22d99aa7fbb15637c43b9fe8df14993924caf09fe9505a5c682cb9c
package/ClassMngr.app/Contents/Frameworks/QtQml.framework/Versions/A/_CodeSignature/CodeResources	2690	5dba87b819bcd7a4837fa6f5af3b20c39a172313a92099fda39bee879d28d032
package/ClassMngr.app/Contents/Frameworks/QtQmlMeta.framework/Versions/A/QtQmlMeta	355984	0d4e7dbb59f3ddfa2aa9816df4e4ec3c622353f1418cd676400489cf59a975d7
package/ClassMngr.app/Contents/Frameworks/QtQmlMeta.framework/Versions/A/Resources/Info.plist	816	4ada306e89a92920b4c29f2e748926445a4ac355ea77a89e647315a804161b83
package/ClassMngr.app/Contents/Frameworks/QtQmlMeta.framework/Versions/A/Resources/PrivacyInfo.xcprivacy	343	089a52a2b22d99aa7fbb15637c43b9fe8df14993924caf09fe9505a5c682cb9c
package/ClassMngr.app/Contents/Frameworks/QtQmlMeta.framework/Versions/A/_CodeSignature/CodeResources	2690	9a9a31c070156769996fcfcf722af6ad3577fc26c7230695b42f301a8615e1fa
package/ClassMngr.app/Contents/Frameworks/QtQmlModels.framework/Versions/A/QtQmlModels	2010240	f38def98df43bf5a4bdcb2adebdb5dea339f7dfa81307de12c33b9685543c56f
package/ClassMngr.app/Contents/Frameworks/QtQmlModels.framework/Versions/A/Resources/Info.plist	820	533bbf8a31a42d8ed2144b0353be84da26c63121d2862ac3b872975c230c7422
package/ClassMngr.app/Contents/Frameworks/QtQmlModels.framework/Versions/A/Resources/PrivacyInfo.xcprivacy	343	089a52a2b22d99aa7fbb15637c43b9fe8df14993924caf09fe9505a5c682cb9c
package/ClassMngr.app/Contents/Frameworks/QtQmlModels.framework/Versions/A/_CodeSignature/CodeResources	2690	40d8282ce58a22e5546073722cd9cd16585cfe22ce8afea9aa41e8762c08eb60
package/ClassMngr.app/Contents/Frameworks/QtQmlWorkerScript.framework/Versions/A/QtQmlWorkerScript	201840	cf58f0f7e43b78da8da6831519268602931fe96038007766f5cb04d1a305b21a
package/ClassMngr.app/Contents/Frameworks/QtQmlWorkerScript.framework/Versions/A/Resources/Info.plist	832	f21778d7e3512cf115fbe8937dceb244b10a8e32672797b76f3a61398238ef4b
package/ClassMngr.app/Contents/Frameworks/QtQmlWorkerScript.framework/Versions/A/Resources/PrivacyInfo.xcprivacy	343	089a52a2b22d99aa7fbb15637c43b9fe8df14993924caf09fe9505a5c682cb9c
package/ClassMngr.app/Contents/Frameworks/QtQmlWorkerScript.framework/Versions/A/_CodeSignature/CodeResources	2690	98269dc53d07a02084311c3bb0772b24b8724ed68b60c28837ac0b78f842b789
package/ClassMngr.app/Contents/Frameworks/QtQuick.framework/Versions/A/QtQuick	12753856	8a46f21b67dcfeffb182bde9f773015c193176e6f1c059b930f935115b1f3f89
package/ClassMngr.app/Contents/Frameworks/QtQuick.framework/Versions/A/Resources/Info.plist	812	04d7babc0746dc0d63c3453a1b9e2a70468a24d738a7f53447c45f75d2ac37ae
package/ClassMngr.app/Contents/Frameworks/QtQuick.framework/Versions/A/Resources/PrivacyInfo.xcprivacy	343	089a52a2b22d99aa7fbb15637c43b9fe8df14993924caf09fe9505a5c682cb9c
package/ClassMngr.app/Contents/Frameworks/QtQuick.framework/Versions/A/_CodeSignature/CodeResources	2690	320d885cafdb45b4bacdc03bb7e06427a23ca2ce1d102f6958bdc381adf7718a
package/ClassMngr.app/Contents/Frameworks/QtQuickControls2.framework/Versions/A/QtQuickControls2	270800	03b055e721c25aa63d41f152068995474f6e789bf5c1d38a0bf22cb36e82d7ad
package/ClassMngr.app/Contents/Frameworks/QtQuickControls2.framework/Versions/A/Resources/Info.plist	830	09f46e5e5f17b73b755704408bde6ba9f4f575023b9aa507623634270f549f14
package/ClassMngr.app/Contents/Frameworks/QtQuickControls2.framework/Versions/A/Resources/PrivacyInfo.xcprivacy	343	089a52a2b22d99aa7fbb15637c43b9fe8df14993924caf09fe9505a5c682cb9c
package/ClassMngr.app/Contents/Frameworks/QtQuickControls2.framework/Versions/A/_CodeSignature/CodeResources	2690	cc3b0188c0738e5e6c45abc9ae0b3af56cf516c67d380bc8da6a249094208503
package/ClassMngr.app/Contents/Frameworks/QtQuickControls2Basic.framework/Versions/A/QtQuickControls2Basic	4171104	e8b15b3f6ba522699890579d10ea5efa330b4b822caaf81847b98391c7f2063a
package/ClassMngr.app/Contents/Frameworks/QtQuickControls2Basic.framework/Versions/A/Resources/Info.plist	840	4ce5c86334c645bdf5adb3a466667735fbf78f9551ae8efce972bccc0b5c1428
package/ClassMngr.app/Contents/Frameworks/QtQuickControls2Basic.framework/Versions/A/Resources/PrivacyInfo.xcprivacy	343	089a52a2b22d99aa7fbb15637c43b9fe8df14993924caf09fe9505a5c682cb9c
package/ClassMngr.app/Contents/Frameworks/QtQuickControls2Basic.framework/Versions/A/_CodeSignature/CodeResources	2690	24219f53bec1e2cfa6adaaa1ba7189ede75cbc3c7b859cfc911dc51e64cf10af
package/ClassMngr.app/Contents/Frameworks/QtQuickControls2BasicStyleImpl.framework/Versions/A/QtQuickControls2BasicStyleImpl	265952	dc45a04bf43c327e3294516d024fd173673db3b56d2fc96739902ba65b7341c9
package/ClassMngr.app/Contents/Frameworks/QtQuickControls2BasicStyleImpl.framework/Versions/A/Resources/Info.plist	858	befcad9a7f08cc1b61e929d7604bc5dfb9a1e8fa509c8314479220a2c7acd213
package/ClassMngr.app/Contents/Frameworks/QtQuickControls2BasicStyleImpl.framework/Versions/A/Resources/PrivacyInfo.xcprivacy	343	089a52a2b22d99aa7fbb15637c43b9fe8df14993924caf09fe9505a5c682cb9c
package/ClassMngr.app/Contents/Frameworks/QtQuickControls2BasicStyleImpl.framework/Versions/A/_CodeSignature/CodeResources	2690	6aa2417ab9ea4f9fbf43807d0585dadcd123da40981b243bbad49bc12b7c5f03
package/ClassMngr.app/Contents/Frameworks/QtQuickControls2FluentWinUI3.framework/Versions/A/QtQuickControls2FluentWinUI3	6500208	f83fbed6a5b4719986810cca871747aaa8d53923964cd6dee7f40aac2b1776c3
package/ClassMngr.app/Contents/Frameworks/QtQuickControls2FluentWinUI3.framework/Versions/A/Resources/Info.plist	854	8609b383d40fe69b4c583e1bee844fa0a214f1cebf895add1cd90eddebe7c60a
package/ClassMngr.app/Contents/Frameworks/QtQuickControls2FluentWinUI3.framework/Versions/A/Resources/PrivacyInfo.xcprivacy	343	089a52a2b22d99aa7fbb15637c43b9fe8df14993924caf09fe9505a5c682cb9c
package/ClassMngr.app/Contents/Frameworks/QtQuickControls2FluentWinUI3.framework/Versions/A/_CodeSignature/CodeResources	2690	cfe32b7d3efad27d7ccae1098ff006ff4149bf1655da9efbe7f493bb918e68d5
package/ClassMngr.app/Contents/Frameworks/QtQuickControls2FluentWinUI3StyleImpl.framework/Versions/A/QtQuickControls2FluentWinUI3StyleImpl	516192	527eb23b1b21824cd2e9aa7f3225828e87c6fbbcc3025dab026c847c69aa0d31
package/ClassMngr.app/Contents/Frameworks/QtQuickControls2FluentWinUI3StyleImpl.framework/Versions/A/Resources/Info.plist	872	c04aad6fffce95d4ede5e5b230a4d73d7bb73f9dd18e9a5c55215b85f55d65b1
package/ClassMngr.app/Contents/Frameworks/QtQuickControls2FluentWinUI3StyleImpl.framework/Versions/A/Resources/PrivacyInfo.xcprivacy	343	089a52a2b22d99aa7fbb15637c43b9fe8df14993924caf09fe9505a5c682cb9c
package/ClassMngr.app/Contents/Frameworks/QtQuickControls2FluentWinUI3StyleImpl.framework/Versions/A/_CodeSignature/CodeResources	2690	4d625af698719c64475e34ac99215f905a5918078dd131f505b63b9d430b7079
package/ClassMngr.app/Contents/Frameworks/QtQuickControls2Fusion.framework/Versions/A/QtQuickControls2Fusion	3486336	73d2d2ef3c9fbc3029d62e1f29b4c8b12f327295023e9547e712466c88568c50
package/ClassMngr.app/Contents/Frameworks/QtQuickControls2Fusion.framework/Versions/A/Resources/Info.plist	842	70319be5e436b31b5396768931dddd039c719cc928d7de407da4127535c3f5d4
package/ClassMngr.app/Contents/Frameworks/QtQuickControls2Fusion.framework/Versions/A/Resources/PrivacyInfo.xcprivacy	343	089a52a2b22d99aa7fbb15637c43b9fe8df14993924caf09fe9505a5c682cb9c
package/ClassMngr.app/Contents/Frameworks/QtQuickControls2Fusion.framework/Versions/A/_CodeSignature/CodeResources	2690	d91bc75f4e128d0528a546948966ef73588c698232e31644befa69ef41f38ca3
package/ClassMngr.app/Contents/Frameworks/QtQuickControls2FusionStyleImpl.framework/Versions/A/QtQuickControls2FusionStyleImpl	448384	858736fc8b8d4fc8064e81e863952310ab11528cd9446900fe13f0db15aa14ea
package/ClassMngr.app/Contents/Frameworks/QtQuickControls2FusionStyleImpl.framework/Versions/A/Resources/Info.plist	860	d760eb41be60f9713f6dc1c92e28e40c82da4082cc23e3e83b963a9d8a597396
package/ClassMngr.app/Contents/Frameworks/QtQuickControls2FusionStyleImpl.framework/Versions/A/Resources/PrivacyInfo.xcprivacy	343	089a52a2b22d99aa7fbb15637c43b9fe8df14993924caf09fe9505a5c682cb9c
package/ClassMngr.app/Contents/Frameworks/QtQuickControls2FusionStyleImpl.framework/Versions/A/_CodeSignature/CodeResources	2690	850b63db1ba91d30a7ff3720e5664c14dbb05418989e30243d009c1487c7e275
package/ClassMngr.app/Contents/Frameworks/QtQuickControls2IOS.framework/Versions/A/QtQuickControls2IOS	4663248	27bba22592ebc8f148ed9f9d5c4d14a05cf88bb1d784eb35f7b9c7d5b597ecae
package/ClassMngr.app/Contents/Frameworks/QtQuickControls2IOS.framework/Versions/A/Resources/Info.plist	836	152a2fb9132d13b13c359512c2c004a5470a6e889cf7cbdc86d934e8d1839c78
package/ClassMngr.app/Contents/Frameworks/QtQuickControls2IOS.framework/Versions/A/Resources/PrivacyInfo.xcprivacy	343	089a52a2b22d99aa7fbb15637c43b9fe8df14993924caf09fe9505a5c682cb9c
package/ClassMngr.app/Contents/Frameworks/QtQuickControls2IOS.framework/Versions/A/_CodeSignature/CodeResources	2690	afa539a1eeb08505fd1038c31adcac8bf20b45ef0c6032748811d6748cce67fb
package/ClassMngr.app/Contents/Frameworks/QtQuickControls2IOSStyleImpl.framework/Versions/A/QtQuickControls2IOSStyleImpl	255968	941506759eba1f2c8b721640acf0e01ce6753dfe46de7373418cb42671cb20f4
package/ClassMngr.app/Contents/Frameworks/QtQuickControls2IOSStyleImpl.framework/Versions/A/Resources/Info.plist	854	d2aa9f20cc9a308277818f713230453909f1938eee82c686005378fe61a0c06a
package/ClassMngr.app/Contents/Frameworks/QtQuickControls2IOSStyleImpl.framework/Versions/A/Resources/PrivacyInfo.xcprivacy	343	089a52a2b22d99aa7fbb15637c43b9fe8df14993924caf09fe9505a5c682cb9c
package/ClassMngr.app/Contents/Frameworks/QtQuickControls2IOSStyleImpl.framework/Versions/A/_CodeSignature/CodeResources	2690	4b418cfaf140e2c20680650296072d6aa11b0caa8f2a793e0bdd887933584dff
package/ClassMngr.app/Contents/Frameworks/QtQuickControls2Imagine.framework/Versions/A/QtQuickControls2Imagine	6193760	97924e3dc7a6879233568b955e56ce6e635fad1473e7ce750fc61df4af49c569
package/ClassMngr.app/Contents/Frameworks/QtQuickControls2Imagine.framework/Versions/A/Resources/Info.plist	844	16d6d8ce4f81cd98fdd8cac5508c88548e382639e8b00aafc39b54ccfca4dbb4
package/ClassMngr.app/Contents/Frameworks/QtQuickControls2Imagine.framework/Versions/A/Resources/PrivacyInfo.xcprivacy	343	089a52a2b22d99aa7fbb15637c43b9fe8df14993924caf09fe9505a5c682cb9c
package/ClassMngr.app/Contents/Frameworks/QtQuickControls2Imagine.framework/Versions/A/_CodeSignature/CodeResources	2690	92e0eea72acc116bb5edbfd97a23502d78915a6e561ce3a50e2ecf70f1f2a997
package/ClassMngr.app/Contents/Frameworks/QtQuickControls2ImagineStyleImpl.framework/Versions/A/QtQuickControls2ImagineStyleImpl	237808	affdacfa657f988d07c339e9d86d91b8126485ba4f3d5294c5b5d41a3f181f0d
package/ClassMngr.app/Contents/Frameworks/QtQuickControls2ImagineStyleImpl.framework/Versions/A/Resources/Info.plist	862	4442a02975a83507113ac02af5ff5f821971b32cb7fef7a5ac4a3342fc23cb47
package/ClassMngr.app/Contents/Frameworks/QtQuickControls2ImagineStyleImpl.framework/Versions/A/Resources/PrivacyInfo.xcprivacy	343	089a52a2b22d99aa7fbb15637c43b9fe8df14993924caf09fe9505a5c682cb9c
package/ClassMngr.app/Contents/Frameworks/QtQuickControls2ImagineStyleImpl.framework/Versions/A/_CodeSignature/CodeResources	2690	fe75c8ec8ee61fe305fbbf6dc481f7d9527f190eed66b935c028fa53a9d634bf
package/ClassMngr.app/Contents/Frameworks/QtQuickControls2Impl.framework/Versions/A/QtQuickControls2Impl	686960	b24f88a91e886ea60a4a3663d521b8b8d287e03b070417605a01b6a2916b1b50
package/ClassMngr.app/Contents/Frameworks/QtQuickControls2Impl.framework/Versions/A/Resources/Info.plist	838	33f57452588036a2a54e06e54f7009b661d2324b34d4f2d80839e0f0be30df3e
package/ClassMngr.app/Contents/Frameworks/QtQuickControls2Impl.framework/Versions/A/Resources/PrivacyInfo.xcprivacy	343	089a52a2b22d99aa7fbb15637c43b9fe8df14993924caf09fe9505a5c682cb9c
package/ClassMngr.app/Contents/Frameworks/QtQuickControls2Impl.framework/Versions/A/_CodeSignature/CodeResources	2690	be52e53ec592937d90325af870418be2d74083bf4c13d210d4f875adfb2577c4
package/ClassMngr.app/Contents/Frameworks/QtQuickControls2MacOSStyleImpl.framework/Versions/A/QtQuickControls2MacOSStyleImpl	352672	30330aa75fcca68209e44ad1475ee816ddcb6974c59cf85be2a42bac010f996f
package/ClassMngr.app/Contents/Frameworks/QtQuickControls2MacOSStyleImpl.framework/Versions/A/Resources/Info.plist	858	e941d5059ee185bc3d54283361de04307c49a8e49216b33b722a8ed67ffa237b
package/ClassMngr.app/Contents/Frameworks/QtQuickControls2MacOSStyleImpl.framework/Versions/A/Resources/PrivacyInfo.xcprivacy	343	089a52a2b22d99aa7fbb15637c43b9fe8df14993924caf09fe9505a5c682cb9c
package/ClassMngr.app/Contents/Frameworks/QtQuickControls2MacOSStyleImpl.framework/Versions/A/_CodeSignature/CodeResources	2690	f012c0ddf30f4fc46a7f4a8cc4746c62c87fc1c2e96c2901304b97300b480480
package/ClassMngr.app/Contents/Frameworks/QtQuickControls2Macos.framework/Versions/A/QtQuickControls2Macos	1917936	58741fc49ccb57347e340f996298600e1a63ced892b6e6aa9e52df9e1afef2f3
package/ClassMngr.app/Contents/Frameworks/QtQuickControls2Macos.framework/Versions/A/Resources/Info.plist	840	5c4d98adaa7dbb0a50ac8b87ed8c60c8af6621a7403466fb571cf9701164075f
package/ClassMngr.app/Contents/Frameworks/QtQuickControls2Macos.framework/Versions/A/Resources/PrivacyInfo.xcprivacy	343	089a52a2b22d99aa7fbb15637c43b9fe8df14993924caf09fe9505a5c682cb9c
package/ClassMngr.app/Contents/Frameworks/QtQuickControls2Macos.framework/Versions/A/_CodeSignature/CodeResources	2690	24c171384bd9ab7978e11fb03b57ba13dd0a9f60d5f19b993e91b88fef11c36f
package/ClassMngr.app/Contents/Frameworks/QtQuickControls2Material.framework/Versions/A/QtQuickControls2Material	4356608	c8476b3d177d57bb79b0ce37d0f6c6511e1058571793edad698cdbddfce213a7
package/ClassMngr.app/Contents/Frameworks/QtQuickControls2Material.framework/Versions/A/Resources/Info.plist	846	2139dcd62ca132750741f3ae5bd4baf0faef6d7d64920b3f4d41837ef17960f4
package/ClassMngr.app/Contents/Frameworks/QtQuickControls2Material.framework/Versions/A/Resources/PrivacyInfo.xcprivacy	343	089a52a2b22d99aa7fbb15637c43b9fe8df14993924caf09fe9505a5c682cb9c
package/ClassMngr.app/Contents/Frameworks/QtQuickControls2Material.framework/Versions/A/_CodeSignature/CodeResources	2690	60b4590b0c3b949e27a9e75973c1d745f38418958150224752a758297a7c54b0
package/ClassMngr.app/Contents/Frameworks/QtQuickControls2MaterialStyleImpl.framework/Versions/A/QtQuickControls2MaterialStyleImpl	726416	755b64d797824f7caabcf49a253b5f40c6fca77f4aa50d6b343a30b79b277c61
package/ClassMngr.app/Contents/Frameworks/QtQuickControls2MaterialStyleImpl.framework/Versions/A/Resources/Info.plist	864	1c8b7d1613adc3941ae69f0c4937624693c5b033f69e94636930be7d8eb05e2d
package/ClassMngr.app/Contents/Frameworks/QtQuickControls2MaterialStyleImpl.framework/Versions/A/Resources/PrivacyInfo.xcprivacy	343	089a52a2b22d99aa7fbb15637c43b9fe8df14993924caf09fe9505a5c682cb9c
package/ClassMngr.app/Contents/Frameworks/QtQuickControls2MaterialStyleImpl.framework/Versions/A/_CodeSignature/CodeResources	2690	c0465c023e418f85e172dc7ec825e39c394e74b171e7eab4fc264ef19555c37e
package/ClassMngr.app/Contents/Frameworks/QtQuickControls2Universal.framework/Versions/A/QtQuickControls2Universal	3641984	7e2eff0392b3fdc7a517c959051a4f7774462999ee69276f922679d123af3b90
package/ClassMngr.app/Contents/Frameworks/QtQuickControls2Universal.framework/Versions/A/Resources/Info.plist	848	fed2acbb4bbc4760e66674d48e87d6c5614ec2953be8368275877b383a660b45
package/ClassMngr.app/Contents/Frameworks/QtQuickControls2Universal.framework/Versions/A/Resources/PrivacyInfo.xcprivacy	343	089a52a2b22d99aa7fbb15637c43b9fe8df14993924caf09fe9505a5c682cb9c
package/ClassMngr.app/Contents/Frameworks/QtQuickControls2Universal.framework/Versions/A/_CodeSignature/CodeResources	2690	2b85ce8e8080e59bff1b98ee1e4b743dc3b2506fbaf09401c6cea91dfa459847
package/ClassMngr.app/Contents/Frameworks/QtQuickControls2UniversalStyleImpl.framework/Versions/A/QtQuickControls2UniversalStyleImpl	365840	c3541a8c7e10a1f8d5a0da1b7f30c6e688236338348cb78240a0191f9ef9fa80
package/ClassMngr.app/Contents/Frameworks/QtQuickControls2UniversalStyleImpl.framework/Versions/A/Resources/Info.plist	866	da22a0de86968a9d0ca8749789e51658b4dbe3d31652fadf0ab7d26a672dcb02
package/ClassMngr.app/Contents/Frameworks/QtQuickControls2UniversalStyleImpl.framework/Versions/A/Resources/PrivacyInfo.xcprivacy	343	089a52a2b22d99aa7fbb15637c43b9fe8df14993924caf09fe9505a5c682cb9c
package/ClassMngr.app/Contents/Frameworks/QtQuickControls2UniversalStyleImpl.framework/Versions/A/_CodeSignature/CodeResources	2690	6df66ceca34caa62e7607a625eb1a66c6e6667e8a1833c1aabfbd3b11c0d17ce
package/ClassMngr.app/Contents/Frameworks/QtQuickDialogs2.framework/Versions/A/QtQuickDialogs2	390384	791f80f66dc89d7476ace5c9a14f3e6d1f81a28eefcfcd652f925b7fdcd6bec4
package/ClassMngr.app/Contents/Frameworks/QtQuickDialogs2.framework/Versions/A/Resources/Info.plist	828	e763306d1eec77dd542191b6b6af4d25cb76057c30945ecc64c90cffe05773ef
package/ClassMngr.app/Contents/Frameworks/QtQuickDialogs2.framework/Versions/A/Resources/PrivacyInfo.xcprivacy	343	089a52a2b22d99aa7fbb15637c43b9fe8df14993924caf09fe9505a5c682cb9c
package/ClassMngr.app/Contents/Frameworks/QtQuickDialogs2.framework/Versions/A/_CodeSignature/CodeResources	2690	2e499832b43efc3baf15f7b125f7fa8944f88ab9ce39dc7672cf2e9a1d98692e
package/ClassMngr.app/Contents/Frameworks/QtQuickDialogs2QuickImpl.framework/Versions/A/QtQuickDialogs2QuickImpl	6017040	8047213750be0fae8a6221d206add08f44305e2139b28b172ed7cd538c568281
package/ClassMngr.app/Contents/Frameworks/QtQuickDialogs2QuickImpl.framework/Versions/A/Resources/Info.plist	846	0a84c7edb834b7539e03f3a6aaf97e666b37ee0a8e1b46b2424feb59240269ac
package/ClassMngr.app/Contents/Frameworks/QtQuickDialogs2QuickImpl.framework/Versions/A/Resources/PrivacyInfo.xcprivacy	343	089a52a2b22d99aa7fbb15637c43b9fe8df14993924caf09fe9505a5c682cb9c
package/ClassMngr.app/Contents/Frameworks/QtQuickDialogs2QuickImpl.framework/Versions/A/_CodeSignature/CodeResources	2690	4ce2788122c417c93c3009579ed2781901e7f4099deec72f13ed13506732b69c
package/ClassMngr.app/Contents/Frameworks/QtQuickDialogs2Utils.framework/Versions/A/QtQuickDialogs2Utils	138752	6db33ac7d04030d7a2a6f677ee20488ae0e831516008ee126c4190f4c7459b18
package/ClassMngr.app/Contents/Frameworks/QtQuickDialogs2Utils.framework/Versions/A/Resources/Info.plist	838	e96f51ecad64a8997f68ecf1844962333d299a13d441f9ff90d966c758590948
package/ClassMngr.app/Contents/Frameworks/QtQuickDialogs2Utils.framework/Versions/A/Resources/PrivacyInfo.xcprivacy	343	089a52a2b22d99aa7fbb15637c43b9fe8df14993924caf09fe9505a5c682cb9c
package/ClassMngr.app/Contents/Frameworks/QtQuickDialogs2Utils.framework/Versions/A/_CodeSignature/CodeResources	2690	5a65a67cf30daf98d18254d57489858561f94718e0ba8be6a75dbb86638d3414
package/ClassMngr.app/Contents/Frameworks/QtQuickEffects.framework/Versions/A/QtQuickEffects	778688	c21b3fc7bd293f25098564af996f36e13b6fba0e808eff612273730d392f7073
package/ClassMngr.app/Contents/Frameworks/QtQuickEffects.framework/Versions/A/Resources/Info.plist	826	0cd3c4f1670e7f54e83af27c8287f99e31b8e1f416d5b388734ead9717480067
package/ClassMngr.app/Contents/Frameworks/QtQuickEffects.framework/Versions/A/Resources/PrivacyInfo.xcprivacy	343	089a52a2b22d99aa7fbb15637c43b9fe8df14993924caf09fe9505a5c682cb9c
package/ClassMngr.app/Contents/Frameworks/QtQuickEffects.framework/Versions/A/_CodeSignature/CodeResources	2690	7210ac53a4a52c7ef037b3b1a9c2e5c2776594b4d8519940d587f6fe505098b2
package/ClassMngr.app/Contents/Frameworks/QtQuickLayouts.framework/Versions/A/QtQuickLayouts	684448	b731d367d1419d0ef04257af28dd2998005038c2e9c8f09286bf9f667a0262d3
package/ClassMngr.app/Contents/Frameworks/QtQuickLayouts.framework/Versions/A/Resources/Info.plist	826	db65e83bb3f03279a1ce0da9e12e9492f0acc41b63d03e05fb5b9040cfafe3c7
package/ClassMngr.app/Contents/Frameworks/QtQuickLayouts.framework/Versions/A/Resources/PrivacyInfo.xcprivacy	343	089a52a2b22d99aa7fbb15637c43b9fe8df14993924caf09fe9505a5c682cb9c
package/ClassMngr.app/Contents/Frameworks/QtQuickLayouts.framework/Versions/A/_CodeSignature/CodeResources	2690	638f3a9db146d749a7a07e2aeda12225368441b93b0655aacfc12f36f7266772
package/ClassMngr.app/Contents/Frameworks/QtQuickNativeStyle.framework/Versions/A/QtQuickNativeStyle	2393808	609e63a0facbc0e38408e4a2d21092db0c65a672b8e3f21125fb57bf40e28677
package/ClassMngr.app/Contents/Frameworks/QtQuickNativeStyle.framework/Versions/A/Resources/Info.plist	834	52eb535a03da8b96cd58c1bdb009861d46354b15665f2106212dd796b7738860
package/ClassMngr.app/Contents/Frameworks/QtQuickNativeStyle.framework/Versions/A/Resources/PrivacyInfo.xcprivacy	343	089a52a2b22d99aa7fbb15637c43b9fe8df14993924caf09fe9505a5c682cb9c
package/ClassMngr.app/Contents/Frameworks/QtQuickNativeStyle.framework/Versions/A/_CodeSignature/CodeResources	2690	c102dc8d0a0be65087267ddbf1e507f2f5a2bb4b40c209376510228289d4e25d
package/ClassMngr.app/Contents/Frameworks/QtQuickShapes.framework/Versions/A/QtQuickShapes	693488	2081d8d50c11f642e8302cf040076c33e02466b4ea938967a99247560ce29116
package/ClassMngr.app/Contents/Frameworks/QtQuickShapes.framework/Versions/A/Resources/Info.plist	824	ed50d71b4bf6caaf85ce4da3ec8c9bef0d9f9b92dd84ac8ac59af521cfa88f64
package/ClassMngr.app/Contents/Frameworks/QtQuickShapes.framework/Versions/A/Resources/PrivacyInfo.xcprivacy	343	089a52a2b22d99aa7fbb15637c43b9fe8df14993924caf09fe9505a5c682cb9c
package/ClassMngr.app/Contents/Frameworks/QtQuickShapes.framework/Versions/A/_CodeSignature/CodeResources	2690	c14960a75ee2109bad2887c54a59d94d661f73c84255b9e00c9fb0dbeaf9b9fb
package/ClassMngr.app/Contents/Frameworks/QtQuickTemplates2.framework/Versions/A/QtQuickTemplates2	4158992	23a220f1a5564b28dc80305500e48f367f7364861e30daf9c2316c40cb1c4949
package/ClassMngr.app/Contents/Frameworks/QtQuickTemplates2.framework/Versions/A/Resources/Info.plist	832	ef065b64a66d1e1a82d8890527140b0ce133bddfee7b84d6cad74bf6a6f30256
package/ClassMngr.app/Contents/Frameworks/QtQuickTemplates2.framework/Versions/A/Resources/PrivacyInfo.xcprivacy	343	089a52a2b22d99aa7fbb15637c43b9fe8df14993924caf09fe9505a5c682cb9c
package/ClassMngr.app/Contents/Frameworks/QtQuickTemplates2.framework/Versions/A/_CodeSignature/CodeResources	2690	c81a6604a90cc7e3e4b125cd445bbd0cbcaa94e9c790779321423f5026bc6549
package/ClassMngr.app/Contents/Frameworks/QtQuickTest.framework/Versions/A/QtQuickTest	703280	fd20e142e108a8b6ddf09d102e59e182decbc93c94afff81ed871be301bc8308
package/ClassMngr.app/Contents/Frameworks/QtQuickTest.framework/Versions/A/Resources/Info.plist	820	980dfd0c30ef1a06b6e251d4326b57589c105a730608b388c5cc27651cba53a1
package/ClassMngr.app/Contents/Frameworks/QtQuickTest.framework/Versions/A/Resources/PrivacyInfo.xcprivacy	343	089a52a2b22d99aa7fbb15637c43b9fe8df14993924caf09fe9505a5c682cb9c
package/ClassMngr.app/Contents/Frameworks/QtQuickTest.framework/Versions/A/_CodeSignature/CodeResources	2690	808210e107b202a3fe764391a6b8372980a5ee9aad498a724d2aec56e82964ed
package/ClassMngr.app/Contents/Frameworks/QtQuickWidgets.framework/Versions/A/QtQuickWidgets	332672	c47becebc9461d17c330ae1c32d974b2a20753b7449ec42f8ac1c3a865aaf317
package/ClassMngr.app/Contents/Frameworks/QtQuickWidgets.framework/Versions/A/Resources/Info.plist	826	2c7876392081036355973f32e3c45241e87590d190bbab0cffcfd26126696c2f
package/ClassMngr.app/Contents/Frameworks/QtQuickWidgets.framework/Versions/A/Resources/PrivacyInfo.xcprivacy	343	089a52a2b22d99aa7fbb15637c43b9fe8df14993924caf09fe9505a5c682cb9c
package/ClassMngr.app/Contents/Frameworks/QtQuickWidgets.framework/Versions/A/_CodeSignature/CodeResources	2690	53a6c5b78ef5bd28cbce9db983ea52634bcd8330d287caad761d0a0cb2d35a6b
package/ClassMngr.app/Contents/Frameworks/QtSql.framework/Versions/A/QtSql	606896	7029f796328bb903e89d7b459386d41783da325d1fe78094e75ab38b44c912d5
package/ClassMngr.app/Contents/Frameworks/QtSql.framework/Versions/A/Resources/Info.plist	808	5f7a54e3307a53f50c885a31fe57400813a7eca608cf4f0262deb718d6d532ef
package/ClassMngr.app/Contents/Frameworks/QtSql.framework/Versions/A/Resources/PrivacyInfo.xcprivacy	343	089a52a2b22d99aa7fbb15637c43b9fe8df14993924caf09fe9505a5c682cb9c
package/ClassMngr.app/Contents/Frameworks/QtSql.framework/Versions/A/_CodeSignature/CodeResources	2690	387951d9183c2a4289cc38401d849147a45803cf8b359cd325cf6fef2aea65ec
package/ClassMngr.app/Contents/Frameworks/QtSvg.framework/Versions/A/QtSvg	1194768	cd012dff0514cf37263bb81197ed358b17c5e1d5ca0c83c2eb82aaf0dafe6a8a
package/ClassMngr.app/Contents/Frameworks/QtSvg.framework/Versions/A/Resources/Info.plist	808	9ced66dc295d327cdf37f3386bb6bbfb6f47164313cb8f4d58302e519beeb58a
package/ClassMngr.app/Contents/Frameworks/QtSvg.framework/Versions/A/Resources/PrivacyInfo.xcprivacy	343	089a52a2b22d99aa7fbb15637c43b9fe8df14993924caf09fe9505a5c682cb9c
package/ClassMngr.app/Contents/Frameworks/QtSvg.framework/Versions/A/_CodeSignature/CodeResources	2690	228e259d679e51b2d5e600818b4148842c59f8bf659d5c9e17ab84596fa834f0
package/ClassMngr.app/Contents/Frameworks/QtTest.framework/Versions/A/QtTest	890688	5b1c83159acec234a3002ccbe6ed8fedd26acbcbd856e598c47f05bdb3543ef4
package/ClassMngr.app/Contents/Frameworks/QtTest.framework/Versions/A/Resources/Info.plist	810	48b8ab218a6d4dfb320f76c5288ed54b04697d79169f91e3f06398ef5161b3a9
package/ClassMngr.app/Contents/Frameworks/QtTest.framework/Versions/A/Resources/PrivacyInfo.xcprivacy	343	089a52a2b22d99aa7fbb15637c43b9fe8df14993924caf09fe9505a5c682cb9c
package/ClassMngr.app/Contents/Frameworks/QtTest.framework/Versions/A/_CodeSignature/CodeResources	2690	af1975f5a222d332811dd05802266b5cfca7e282a2eaab0f726d928092bab171
package/ClassMngr.app/Contents/Frameworks/QtVirtualKeyboard.framework/Versions/A/QtVirtualKeyboard	852208	3ed472421009cf79d5aa71cf3ece1b53ed558c62a27405ca2e25fc7130169a39
package/ClassMngr.app/Contents/Frameworks/QtVirtualKeyboard.framework/Versions/A/Resources/Info.plist	832	86572bdcac38d93b891a386a771844b602bd9b4766942f4df759ec56cd9c74c2
package/ClassMngr.app/Contents/Frameworks/QtVirtualKeyboard.framework/Versions/A/Resources/PrivacyInfo.xcprivacy	343	089a52a2b22d99aa7fbb15637c43b9fe8df14993924caf09fe9505a5c682cb9c
package/ClassMngr.app/Contents/Frameworks/QtVirtualKeyboard.framework/Versions/A/_CodeSignature/CodeResources	2690	18b427664e636a0a435d72b99d717108ad056446380815adabd0fe3e752bde99
package/ClassMngr.app/Contents/Frameworks/QtVirtualKeyboardQml.framework/Versions/A/QtVirtualKeyboardQml	290128	8f114b6b6f391c01bc2d90c834aef32454f259f87098735c6d5e02153e57140b
package/ClassMngr.app/Contents/Frameworks/QtVirtualKeyboardQml.framework/Versions/A/Resources/Info.plist	838	8d1922bd492fa70596ffde881c996e118588a763772c8dd91c65fdd76a72c77e
package/ClassMngr.app/Contents/Frameworks/QtVirtualKeyboardQml.framework/Versions/A/Resources/PrivacyInfo.xcprivacy	343	089a52a2b22d99aa7fbb15637c43b9fe8df14993924caf09fe9505a5c682cb9c
package/ClassMngr.app/Contents/Frameworks/QtVirtualKeyboardQml.framework/Versions/A/_CodeSignature/CodeResources	2690	dae5db2350117190f4935a7e7878355690e453beab5ca4d8d6396ebc0cc623be
package/ClassMngr.app/Contents/Frameworks/QtWidgets.framework/Versions/A/QtWidgets	12722944	d868f082cd8cd6d162513cb7b98c20cbc7c54f917a374862a433f7c39b928908
package/ClassMngr.app/Contents/Frameworks/QtWidgets.framework/Versions/A/Resources/Info.plist	816	662256e19237be95e330fba9af1efc2f3d4507298f436557568bf461d91c7539
package/ClassMngr.app/Contents/Frameworks/QtWidgets.framework/Versions/A/Resources/PrivacyInfo.xcprivacy	343	089a52a2b22d99aa7fbb15637c43b9fe8df14993924caf09fe9505a5c682cb9c
package/ClassMngr.app/Contents/Frameworks/QtWidgets.framework/Versions/A/_CodeSignature/CodeResources	2690	e6f9b9bc5776b2bc767a7dcdf2fb5b46d97f9e2d557ec78f32616bfa8f5d849d
package/ClassMngr.app/Contents/Frameworks/libavcodec.62.dylib	28909072	3ab237718f798f2d36536376ec06536ea3eebf6de5e9dcf81e0405ae11fcf91f
package/ClassMngr.app/Contents/Frameworks/libavformat.62.dylib	5073136	64c197fbdbee9003fbed6f3ef74f054b724094a4d1cf9be0f8546fb7129be1a0
package/ClassMngr.app/Contents/Frameworks/libavutil.60.dylib	1590112	76b5d954966ae2af1aae89a2930f71ab18aa6b8c3dd9a17df3b254feabbaa668
package/ClassMngr.app/Contents/Frameworks/libswresample.6.dylib	266864	7272f33c33a9121a0c24663e387088ff76355d968f67011070feedbaade09471
package/ClassMngr.app/Contents/Frameworks/libswscale.9.dylib	2683040	d15f7c1a4f747ab1d93751cfad32e2a4e903a669987489d6af144d6c45847c56
package/ClassMngr.app/Contents/Info.plist	1015	598bbfb0b4d4307c2ac561a5e4e95e0a6895bf965c7c556cce932396dcdcb029
package/ClassMngr.app/Contents/MacOS/ClassMngr	55380992	ab0256fd89030eaa5580fdd5439ac68f195d512348a719979e8de0c46ecaac67
package/ClassMngr.app/Contents/PlugIns/iconengines/libqsvgicon.dylib	174176	b5880a2d173752c6aa52cdd52967bd464aa368ba1136d1496fef181c44cbe5fd
package/ClassMngr.app/Contents/PlugIns/imageformats/libqgif.dylib	137744	ba03d4e1d64ebddecd8c35629077757aca228b532c6362dc3df4155705c5b2cb
package/ClassMngr.app/Contents/PlugIns/imageformats/libqicns.dylib	157280	99480206ec66aa579db4aa20a8e1b1894a98be0d47162fcd7e7105e5ed3684aa
package/ClassMngr.app/Contents/PlugIns/imageformats/libqico.dylib	139760	1145ee657b1baaa070b4e1df9b3ddf24d511d87533dd95a90a87dd37b565a7ee
package/ClassMngr.app/Contents/PlugIns/imageformats/libqjpeg.dylib	1179552	ae7101db78e8c1e23eadb588ee4d9d635fe2d24f6d7366ac9af707be24f0b327
package/ClassMngr.app/Contents/PlugIns/imageformats/libqmacheif.dylib	158416	2e0477c6239f3ce549f4d1c528d1b24658a7fd79d885d5a076d305d671991084
package/ClassMngr.app/Contents/PlugIns/imageformats/libqmacjp2.dylib	158416	1fed0e190857ab119853d581618bf2581adc49b5d57aac539f5a7c3d71d4a09c
package/ClassMngr.app/Contents/PlugIns/imageformats/libqpdf.dylib	139760	1bb23f6d9591d84e8e1bea4b5e48f499185b7fe95f1190fbc975e98db8ae0d98
package/ClassMngr.app/Contents/PlugIns/imageformats/libqtga.dylib	137264	15b429fb0e5bb5bdaf7de6258800d7daefd68db33c3b469743cab2e686f83f2b
package/ClassMngr.app/Contents/PlugIns/imageformats/libqtiff.dylib	2015264	88d3ba0edb8d5c904d4c0440abbcd8c6e55bb3824fb190749eabc6d8e2d94042
package/ClassMngr.app/Contents/PlugIns/imageformats/libqwbmp.dylib	137760	9b141f5369e83ade4e50711da1c2492eb11238ef55352e9c76f2ae229c3355e8
package/ClassMngr.app/Contents/PlugIns/imageformats/libqwebp.dylib	1150224	528d35c45b6f45f354c9960fd92ec97907b3246f2b183abcb54cb991055ef760
package/ClassMngr.app/Contents/PlugIns/libeffectsplugin.dylib	118048	2a1983dca924564890611b676c80f1bfa3bc83cb5aa8ad2f993633eb6439f73c
package/ClassMngr.app/Contents/PlugIns/liblabsmodelsplugin.dylib	101632	569a0502e04241a07378de7126b24bafeea4cce2e684054bce09eac8c33fc387
package/ClassMngr.app/Contents/PlugIns/libmodelsplugin.dylib	101616	8e5e804af27d173691fc6a6229eab924eae48857d55562a5c9f40433a0365967
package/ClassMngr.app/Contents/PlugIns/libqmlfolderlistmodelplugin.dylib	101648	d0be6d6bfb27eef0df34582bac101fb2dca14d5500ffd2fda42eb0c4276548be
package/ClassMngr.app/Contents/PlugIns/libqmlplugin.dylib	101600	57c5b07ae14bd1bd12ee218e7c922ca9ef5c014167460d7c0a2045802cec7185
package/ClassMngr.app/Contents/PlugIns/libqmlshapesplugin.dylib	134512	558b6e16ed6190dc5a01f4e843cf9ecebe1498bf5324498cf7cb0164506be2fa
package/ClassMngr.app/Contents/PlugIns/libqquicklayoutsplugin.dylib	101632	e251c6a1d1b7689686490ac8c81531f979c64eb506cdc1b25de439c985fc6763
package/ClassMngr.app/Contents/PlugIns/libqtquick2plugin.dylib	134496	c2ec1b616704478f3fbbf33e35384e440013f021acfd110fb8f444253d6a3780
package/ClassMngr.app/Contents/PlugIns/libqtquickcontrols2basicstyleimplplugin.dylib	101664	4a19d14c2ec747e9f267baa2135f2108af1db23c277531cd7ec1b48dccaa7164
package/ClassMngr.app/Contents/PlugIns/libqtquickcontrols2basicstyleplugin.dylib	134896	9a6dd77886f93cd57245a6af73113656625b34fd83dabcc437c664b481944e1e
package/ClassMngr.app/Contents/PlugIns/libqtquickcontrols2fluentwinui3styleimplplugin.dylib	101680	d160b2781bf253fa9c102f5b3665dda776a3d15d008840069a9087fa2cf77c3d
package/ClassMngr.app/Contents/PlugIns/libqtquickcontrols2fluentwinui3styleplugin.dylib	135344	77fc802e4fdb41d7ff903476ea090913de0cec00de6719746d2ef2c89db6634b
package/ClassMngr.app/Contents/PlugIns/libqtquickcontrols2fusionstyleimplplugin.dylib	101664	9a53989409e986336a179bf3d75fe0bd4891224debca6749481148b4e079cd53
package/ClassMngr.app/Contents/PlugIns/libqtquickcontrols2fusionstyleplugin.dylib	134800	b15be3b4f090bab198e524b76b6eeba1d7b3b70e6ceafbd3d383c7ada63b4e0b
package/ClassMngr.app/Contents/PlugIns/libqtquickcontrols2imaginestyleimplplugin.dylib	101680	8587802f2b7f345f7e0ad2c698d2b1cef5675af22f53a27d560ad42741214905
package/ClassMngr.app/Contents/PlugIns/libqtquickcontrols2imaginestyleplugin.dylib	134800	90f3d6dc3057b826932c834d64054d1d0ae319834d0331141079ecb9c7800d3a
package/ClassMngr.app/Contents/PlugIns/libqtquickcontrols2implplugin.dylib	118064	7183cc001034738f6fa1b292150c964f6541d86e0a42e278d285a7a2bc0da447
package/ClassMngr.app/Contents/PlugIns/libqtquickcontrols2iosstyleimplplugin.dylib	101664	e37f97beb0514eb884e81c2ba2470706ac6c5aa32253bc42ab259a2464867f65
package/ClassMngr.app/Contents/PlugIns/libqtquickcontrols2iosstyleplugin.dylib	134880	983081522dfd62ab6705e64f4ea22d69f36d3d49fd9e0bd57f92a6db7964f9c0
package/ClassMngr.app/Contents/PlugIns/libqtquickcontrols2macosstyleimplplugin.dylib	101664	56343667870c5234f89a265aeb90bc55f1ee8e544616cec4bac6fa8f2562d391
package/ClassMngr.app/Contents/PlugIns/libqtquickcontrols2macosstyleplugin.dylib	134672	c11edbe7fd9ad7a12997636036073de4ec054aebf9524aaedd6bd6aa7c70d3dd
package/ClassMngr.app/Contents/PlugIns/libqtquickcontrols2materialstyleimplplugin.dylib	101680	dacff085712a0e46ab040490b8070f7980cbb9e92c8bba4dce699e33a19ff63e
package/ClassMngr.app/Contents/PlugIns/libqtquickcontrols2materialstyleplugin.dylib	135024	1ef54e198af3b5eb65b124228c5e26ffedce217f01a1e7a94db797dac23f7dcd
package/ClassMngr.app/Contents/PlugIns/libqtquickcontrols2plugin.dylib	170832	e285787ad5df935f31bdedc25fb5cc642519f739a22cf0c058d3a18005f6503f
package/ClassMngr.app/Contents/PlugIns/libqtquickcontrols2universalstyleimplplugin.dylib	101680	d5dc9e86fe7628385c9ad843805feb60095ec8f64f456dfe7a796c1712c997bc
package/ClassMngr.app/Contents/PlugIns/libqtquickcontrols2universalstyleplugin.dylib	135040	543a45146776f103022265d33abc8f48f9cb5b5b548f39400fe8de277d12a966
package/ClassMngr.app/Contents/PlugIns/libqtquickdialogs2quickimplplugin.dylib	118080	55919aa08881b290b256ef26d828f193adbf60f0a25ece2689dd0b72c5e306e8
package/ClassMngr.app/Contents/PlugIns/libqtquickdialogsplugin.dylib	118048	0055c36ab03235ef72544fcaa9fea5e94328f72c9b6cf3b9cf3156a9b20cd929
package/ClassMngr.app/Contents/PlugIns/libqtquicknativestyleplugin.dylib	134592	5d94c667967ab4e798d3e1355b6e6541e6126fdf1150fa568129926b89dcafda
package/ClassMngr.app/Contents/PlugIns/libqtquicktemplates2plugin.dylib	134896	cc035fa73a84a67148ae45f702110108beab7b89d314bfeda600851a273f10ec
package/ClassMngr.app/Contents/PlugIns/libquickmultimediaplugin.dylib	134592	26e778e784021e029aec62c72a96b840cbda43c54e977058df043fd1fccd7a83
package/ClassMngr.app/Contents/PlugIns/libquicktestplugin.dylib	118032	db6d74448c5bf9aa5bfca6d15c7836c2ee9d5836b020398efc2ddb00cd954df7
package/ClassMngr.app/Contents/PlugIns/libquicktoolingplugin.dylib	170720	12c453adb5d06ccd5782fdb13ada4f6e935393fd773387f1a5d960b7d3fc54e5
package/ClassMngr.app/Contents/PlugIns/libquickwindowplugin.dylib	102112	b1864463726e95b3285a649349419f252a77dbcd8a88f1fd1b9d8ff8125ae655
package/ClassMngr.app/Contents/PlugIns/libworkerscriptplugin.dylib	101632	a89bc40b0901b6d68a696a7adf34b7c3d9da662d02c5f6357cdf204a32b15c3c
package/ClassMngr.app/Contents/PlugIns/multimedia/libdarwinmediaplugin.dylib	749792	75759367992c98266f28db7ad2e41886048fedd52561c79fc555e9dc91dc3113
package/ClassMngr.app/Contents/PlugIns/multimedia/libffmpegmediaplugin.dylib	1437360	8cd16bf23842a4708b07b53dab2cc2b0790584a3dc33e65a318740b80dadd09a
package/ClassMngr.app/Contents/PlugIns/networkinformation/libqapplenetworkinformation.dylib	139328	08bb2a6edf8dad1e4e96af22bf20ab39eda8cdd018492e89ac2d7799e0b87e30
package/ClassMngr.app/Contents/PlugIns/platforminputcontexts/libqtvirtualkeyboardplugin.dylib	137136	711548804d20d9a58c67958129424779b9c51a3afc11f84e6a7e90699c227a1a
package/ClassMngr.app/Contents/PlugIns/platforms/libqcocoa.dylib	1965888	6c4bde6ffe07f85cbf578716b42af957ec903abfb496d80dd4fb5874f7a99010
package/ClassMngr.app/Contents/PlugIns/platforms/libqoffscreen.dylib	268160	48627e9c60ff29116347651d68bc23c963c5b2d7382692b10923193bad2b739b
package/ClassMngr.app/Contents/PlugIns/sqldrivers/libqsqlite.dylib	3342768	453922af3e827cebd950678ee58cc72be0433e83e27bc0e3439ed3f988e06ced
package/ClassMngr.app/Contents/PlugIns/styles/libqmacstyle.dylib	476048	693eeeca569fdbc8364ef2b4399b68e8ad0e1eebaa995090d08486f794b7083b
package/ClassMngr.app/Contents/PlugIns/tls/libqcertonlybackend.dylib	225728	fa35dc9fa322ef9704f2b8f9650cf25fae73d78e4f8400e657a46a4a9eb78f6e
package/ClassMngr.app/Contents/PlugIns/tls/libqopensslbackend.dylib	617392	87cdb71a3d33efe04fa89ceb384b28a52f2c7db41986a95b2914d01894558a95
package/ClassMngr.app/Contents/PlugIns/tls/libqsecuretransportbackend.dylib	478336	59f62fa08f04de58868a0d40a9f013da382fc2a93f276891f563f54a29e5e669
package/ClassMngr.app/Contents/Resources/app_icon.icns	95219	74ea7f3c6a2023bd36c609cd9c62fbde3da8550803839fdd862026ca2d59bb33
package/ClassMngr.app/Contents/Resources/qml/Qt/labs/folderlistmodel/qmldir	258	cb1d4c91ab43d52ca6dde5aae5a70c0c89811c132f77c69dc98b8820a147cd3a
package/ClassMngr.app/Contents/Resources/qml/Qt/labs/qmlmodels/qmldir	227	8ae287ed00333bfacc893a2d12c9d7238cd4e3b87ebdb5f6922ac5120f0f6ab8
package/ClassMngr.app/Contents/Resources/qml/QtMultimedia/qmldir	249	91dc44e1ab6a39c2bd2b68fd5b9d74ccf2218acbbaec257d771783a07952741c
package/ClassMngr.app/Contents/Resources/qml/QtQml/Models/qmldir	213	4abed3b5d84d4252f6bb292998a566b09a21ae4f2a435e6807cf7047fe14c58a
package/ClassMngr.app/Contents/Resources/qml/QtQml/WorkerScript/qmldir	243	4ed1b6b0ad3980ae5c882f5c0a4eea8a84bcca35c300f0eec430b89cd30ff768
package/ClassMngr.app/Contents/Resources/qml/QtQml/qmldir	242	ff1b83e0cfee28b7dfc809f2acf8d1281e31f037481e80570ad4d23badbc67e2
package/ClassMngr.app/Contents/Resources/qml/QtQuick/Controls/Basic/impl/qmldir	352	3431dcc30f79ae7721b2f5f3068602940bdc87ed1613994b80dca569d1c7e5c2
package/ClassMngr.app/Contents/Resources/qml/QtQuick/Controls/Basic/qmldir	4158	97c511fb808279e3d45d65cc360fdc0362ea6497b176057cde25aff7799fd1d1
package/ClassMngr.app/Contents/Resources/qml/QtQuick/Controls/FluentWinUI3/impl/qmldir	1054	e13a94a6f4499846b77f9485771db0e875d70a20715a93dcfd3843d1250ebd31
package/ClassMngr.app/Contents/Resources/qml/QtQuick/Controls/FluentWinUI3/qmldir	2730	c1ef0faf459015804e254bf48bdffdf509de5c74f9d2a57c6e0e320b4f7f53d2
package/ClassMngr.app/Contents/Resources/qml/QtQuick/Controls/Fusion/impl/qmldir	1068	c6f5a4155ef2f47bc7fda20794fc8acbb59763b543d9ac976d0bd0a30f6099bd
package/ClassMngr.app/Contents/Resources/qml/QtQuick/Controls/Fusion/qmldir	3529	af8d548e0597d10fc62972baea1906a5a9ef221ddb61023ee89d3a813073e837
package/ClassMngr.app/Contents/Resources/qml/QtQuick/Controls/Imagine/impl/qmldir	451	594c9fe7b84b50c1e6ba1edd55aa02dd5c350470dff43603b4f8949a06a2997d
package/ClassMngr.app/Contents/Resources/qml/QtQuick/Controls/Imagine/qmldir	3562	796f2108648a814d53d82a0fb1eb2fde998791f72f93ad36a8361a774c5c5661
package/ClassMngr.app/Contents/Resources/qml/QtQuick/Controls/Material/impl/qmldir	1102	aa5b548fc12e337b99537e4c7edd1c3917b8e40fd7e77bbc63c914810eaac663
package/ClassMngr.app/Contents/Resources/qml/QtQuick/Controls/Material/qmldir	3651	cde0bdd7a27f453fa5181ed4e9ea550953ff6ab6caade3ea5030b53f0071978d
package/ClassMngr.app/Contents/Resources/qml/QtQuick/Controls/Universal/impl/qmldir	835	8f9ca6b35457ed0cd87217659ba589fffd7b6d7314c84e153db9fc8f6a5151d8
package/ClassMngr.app/Contents/Resources/qml/QtQuick/Controls/Universal/qmldir	3516	a7e0401e09d85262a3ca2b07c287980a48d91ca5b98f0c0bd639f50ab4781b4a
package/ClassMngr.app/Contents/Resources/qml/QtQuick/Controls/iOS/impl/qmldir	597	1e253b6cf81a060b9a54d9b31e8aff6dc3163b5ecc377ef762991664f6aa7788
package/ClassMngr.app/Contents/Resources/qml/QtQuick/Controls/iOS/qmldir	3313	ea7bd65f347b4fdf0fbfda7323dfae71767c894ace06e392e2361dea343be5f5
package/ClassMngr.app/Contents/Resources/qml/QtQuick/Controls/impl/qmldir	517	bd8d9e5f35c53bbc11e356a69af48783dfc46def04c436fa35c43220a49469f2
package/ClassMngr.app/Contents/Resources/qml/QtQuick/Controls/macOS/impl/qmldir	896	6e3a5025787a4fa966b7cd4bf2ab2195884abbe9c36a998f78a89ead86118425
package/ClassMngr.app/Contents/Resources/qml/QtQuick/Controls/macOS/qmldir	2318	3f8106bc2a1343bb60faa2b8be0fafb3bffc08d9e21fcf4ad3df4ae129266385
package/ClassMngr.app/Contents/Resources/qml/QtQuick/Controls/qmldir	608	397ff359294ba0e3188a112b62e3952c6fa58355b25fbb9947574d8630297367
package/ClassMngr.app/Contents/Resources/qml/QtQuick/Dialogs/qmldir	264	26126f1faf745cbe60de7916a328f0aa860f67c1f521e964fc5fbf3c06296bdc
package/ClassMngr.app/Contents/Resources/qml/QtQuick/Dialogs/quickimpl/qmldir	3085	1e6ec1b1b921a02732b86137c2f01e97931c9ded54ddf5b7750e789d2edf1967
package/ClassMngr.app/Contents/Resources/qml/QtQuick/Effects/qmldir	242	a44cd01f98ef1c511f29ac572f88eb726e863f6f42375c9e4a60cba4232d1260
package/ClassMngr.app/Contents/Resources/qml/QtQuick/Layouts/qmldir	241	0601e05b583c24ee72158ab8553f9d2435dfe08dc5be20bf2e03fa24058ba4cb
package/ClassMngr.app/Contents/Resources/qml/QtQuick/NativeStyle/qmldir	2385	6d4c3271f531b00c6d4cb4d6bf3a4d5db294a09809261dbabf19168ea95fc565
package/ClassMngr.app/Contents/Resources/qml/QtQuick/Shapes/qmldir	199	fbebfff93729f32b000c9d467282655814eea445a92f0979989207870ce25ddd
package/ClassMngr.app/Contents/Resources/qml/QtQuick/Templates/qmldir	229	6c4901deefe4a212338556fd7fbabeff9b0d3b64b7b0e43245fde11b15dd31a3
package/ClassMngr.app/Contents/Resources/qml/QtQuick/Window/qmldir	205	c0509023b1bcce5f27262aa84f3a6016fb188971fecc58eea98b897a9aa42eb5
package/ClassMngr.app/Contents/Resources/qml/QtQuick/qmldir	206	c2fa2b26d9f8094c6eeb6ff924b18088ddcd512e133524e55b13fa3e5e70350b
package/ClassMngr.app/Contents/Resources/qml/QtQuick/tooling/qmldir	567	514a5e9b9bbe55eebe4fd1f14868176bf2bc973906fb5fca30c7dd6fccc9dab1
package/ClassMngr.app/Contents/Resources/qml/QtTest/qmldir	385	c527668c8c829480256d17c827ad7fee2e3a731b3a0cec31dd57169b05887618
package/ClassMngr.app/Contents/Resources/resource-packs/campuses.rcc	5067059	c977f83b37b159cf0d921c9cfa5a9c38d715564db2e97f352616183a6c132ff6
package/ClassMngr.app/Contents/Resources/resource-packs/documents.rcc	32704490	0bd428c6b0968af92b8c8cc2df56f2a91fca54eb817bf8964ff57c2034abe635
package/ClassMngr.app/Contents/Resources/resource-packs/files.rcc	39609	d48d6f730c81d3b94c5d04d2d08269ec398b2d88a263636587ae4821e2e9f5d5
package/ClassMngr.app/Contents/Resources/resource-packs/images.rcc	10049	32cdc20f4f24e39801079d8c5480a400c3c927d7e917805400755da3ca329563
package/ClassMngr.app/Contents/Resources/resource-packs/splash.rcc	130780	be16c957fbe8275e8354e2144b0e97eccf42a1fe99aebcff971b231605a528e5
package/ClassMngr.app/Contents/Resources/resource-packs/templates.rcc	1380806	613dae13e1fead3be3e9ba65c93adcc2d3989157496391c658f03ba2713cc0dc
package/ClassMngr.app/Contents/_CodeSignature/CodeResources	47609	3798d09bcc1a65aab4c10dfb1b85748065fa8cbf8f140861e781a2ecc8d56984
run-manifest.json	191720	89472e2fde50a9809e852402f0cc3d99dfdecef0efd8b581817722882a48ddd4
runtime/representative-settings/PaperCloud/ClassMngr.ini	608	fb5cb1ff005491a7eac3e6e262e217a99e1eea60cd0fdab9a3b65e5a02148786
runtime/settings-empty/PaperCloud/ClassMngr.ini	270	f7fd227b54f83476abd8900876e9c9c1cb707556bca17790c61a0ca1ded62b24
runtime/settings-english-dark/PaperCloud/ClassMngr.ini	270	f7fd227b54f83476abd8900876e9c9c1cb707556bca17790c61a0ca1ded62b24
runtime/settings-english-light/PaperCloud/ClassMngr.ini	270	f7fd227b54f83476abd8900876e9c9c1cb707556bca17790c61a0ca1ded62b24
runtime/settings-korean-dark/PaperCloud/ClassMngr.ini	270	f7fd227b54f83476abd8900876e9c9c1cb707556bca17790c61a0ca1ded62b24
runtime/settings-korean-light/PaperCloud/ClassMngr.ini	270	f7fd227b54f83476abd8900876e9c9c1cb707556bca17790c61a0ca1ded62b24
startup/empty/route-manifest.json	3581	d499aa5a3d05db8099378cdb5fdbf9ade6a8a9b425b159bbcb00fd6e047ee1df
startup/empty/runner/runner-stderr.txt	2616	3ea59f33fcc9cb4905bfdd2a8fb63ae60245be85384b699fef6a1d6fff42c4ff
startup/empty/runner/runner-stdout.txt	0	e3b0c44298fc1c149afbf4c8996fb92427ae41e4649b934ca495991b7852b855
startup/empty/startup-metrics.json	269346	b524d002ea90eefd23b536cb4f4ec9f73e947bc54d5e843742708447eb4128ed
startup/representative/route-manifest.json	4361	8aff863e65ebf3ab07feeaa7d632f5100bd2a98d47843823a815437721ae7c9e
startup/representative/runner/runner-stderr.txt	2899	90243dd89dbad32c374ee292b7f00301e9d2d636b8f8364454dc87810f98cc1b
startup/representative/runner/runner-stdout.txt	0	e3b0c44298fc1c149afbf4c8996fb92427ae41e4649b934ca495991b7852b855
startup/representative/settled-final.png	77365	009c8a960edea5af403d4c6983bb15c3ec1d52a35aa71bd011045252d779ca88
startup/representative/startup-complete.png	77365	009c8a960edea5af403d4c6983bb15c3ec1d52a35aa71bd011045252d779ca88
startup/representative/startup-metrics.json	283593	e83b6171af1c4edaff4c727f1aca4f70aff9160ce4b6831b04c00358de3bba34
validation-summary.json	765892	62f3251011ec3ad375d33d2acdd4a380084e0f21183bffc4966a32e4e166662a
validation/runner-stderr.txt	0	e3b0c44298fc1c149afbf4c8996fb92427ae41e4649b934ca495991b7852b855
validation/runner-stdout.txt	558	eda733b1a541c48d910dec180c25431b62308cf9ce517344d5f9af2bde4a8586
visual/classes/english-dark/classes-entry.png	73224	377eeb97cfa5d9cc43f79ab2168bde387eed9bc80ff62ff9dc8519ea5567513e
visual/classes/english-dark/classes-selected-1.png	73663	7216e3c55c2ec9387a04bf5b9addf0a5a37de07dda3eb3a5a6b11a7a067fbf23
visual/classes/english-dark/classes-selected-96.png	73568	66a20574b6fe5d57ab6c5b5f3e88b68b67519408905c0f8fb3334649bfee6bb8
visual/classes/english-dark/metrics.json	1218145	3b8d3ebe8a55ce4758594ad23f6d0cc8cab2e9c9a65e3b8b5f57ad3af8c0eabf
visual/classes/english-dark/process-stderr.txt	4493	e79360404eed71e7ae605a0d55bf04fbbc631ee269de5c1ada8d1f28c212697c
visual/classes/english-dark/process-stdout.txt	0	e3b0c44298fc1c149afbf4c8996fb92427ae41e4649b934ca495991b7852b855
visual/classes/english-dark/startup-complete.png	73817	c05c62c9d872c411d5dc3c5dc984bf1c6c9d1d52f1345181577ea71f7c1a9bd0
visual/classes/english-dark/workflow-trace.txt	8902	a045d9603cfaef92958e08079632d0e60c9fe667bfc61b0ee938b6f76f70892c
visual/classes/english-light/classes-entry.png	76348	e34b12b40da01709ff63e7241d0acef7ad8b47bcea57b7669ec68098e6c13ce4
visual/classes/english-light/classes-selected-1.png	76888	18480c9323d53f4d96c5fd78e952bc26817cb9e7869560ad06f75b59b0134f7a
visual/classes/english-light/classes-selected-96.png	76731	92356734cb980a300dccadbbf51321417bfce5c04badb18ae11712bb1413388d
visual/classes/english-light/metrics.json	1218132	43e96606cbbf27c705f35d995492591efe553adea21c9daeb4ed09b567e8c1cd
visual/classes/english-light/process-stderr.txt	4497	1bd5db56115d1f8cf03e97d26d340043d0aafb73062db559c7b9215c0e78288a
visual/classes/english-light/process-stdout.txt	0	e3b0c44298fc1c149afbf4c8996fb92427ae41e4649b934ca495991b7852b855
visual/classes/english-light/startup-complete.png	76517	93e7e0112f88b815a18e964c7ef1472bcca8316cf06d10797bb61882e2616d56
visual/classes/english-light/workflow-trace.txt	8902	a045d9603cfaef92958e08079632d0e60c9fe667bfc61b0ee938b6f76f70892c
visual/classes/generated-large-classes-visual.tps	622592	dadd8dcfb7abbbb291e5975286413cf1c489c793c8e640d33c181112df38835f
visual/classes/korean-dark/classes-entry.png	65197	f48cd7eaecd21b5106ef4099fbb25df81bd42f63d030195cc8a36c155e83f327
visual/classes/korean-dark/classes-selected-1.png	65537	0e495147ba2d186feb3a00a7f1fb8617fd2552dbfc1fc252f4fd746d35ac7e12
visual/classes/korean-dark/classes-selected-96.png	66653	eb6e5a3852be69965e4313d963be37a65a00b08ca057f62cc0f48c3f314301d5
visual/classes/korean-dark/metrics.json	1218333	84ffa07111207d3450283f14f3aaf57dcdf67888fd351e0eb105098ae3484395
visual/classes/korean-dark/process-stderr.txt	4503	5e6f86a630d2795d3e08e49a2475edd23a5d34488a981beeefacd932d923c36a
visual/classes/korean-dark/process-stdout.txt	0	e3b0c44298fc1c149afbf4c8996fb92427ae41e4649b934ca495991b7852b855
visual/classes/korean-dark/startup-complete.png	70611	57fecc188f84b5b8646b6c915a1eeb961b9a196784945a0bfbe3e0807d3234f3
visual/classes/korean-dark/workflow-trace.txt	8902	a045d9603cfaef92958e08079632d0e60c9fe667bfc61b0ee938b6f76f70892c
visual/classes/korean-light/classes-entry.png	68022	e56f7657e7f5d84faffc3606c7abc4f398024b2e92f930785fb5a33d58221e0c
visual/classes/korean-light/classes-selected-1.png	68360	6374ebb725bf20f79c9b0c1f589c81218b697aad23adf879b4cf26432f952a68
visual/classes/korean-light/classes-selected-96.png	69499	4e6b0639fc991b164530d0fdea5760237da72ae6abf2ae1f6afa63b3956c0dc5
visual/classes/korean-light/metrics.json	1218127	e9731f4ce961106a5ed0cb377198fe051befe669fc62655c51120acc6e7043b4
visual/classes/korean-light/process-stderr.txt	4507	27f308225fa779b58deff910bbeee8555ffbfb82bbe60984c694194425223b38
visual/classes/korean-light/process-stdout.txt	0	e3b0c44298fc1c149afbf4c8996fb92427ae41e4649b934ca495991b7852b855
visual/classes/korean-light/startup-complete.png	73152	d3e537538280b3f4314ce684495823a057bfb4b44ddb0020b446f97f72f26ad6
visual/classes/korean-light/workflow-trace.txt	8902	a045d9603cfaef92958e08079632d0e60c9fe667bfc61b0ee938b6f76f70892c
visual/classes/manifest.json	4222	c180fa77b357818dd5c7291fec840fa88229f370e183b2210f52cfa3996f08db
visual/classes/route-manifest.json	3204	7c4605f85b4be430b90f85141164cdd45932d21f00035b265575df3f36a862eb
visual/classes/runner/runner-stderr.txt	0	e3b0c44298fc1c149afbf4c8996fb92427ae41e4649b934ca495991b7852b855
visual/classes/runner/runner-stdout.txt	532	aa829343a7b7df56cd1ce7fd1b193526d402c53b8fb2f8ad47a3c674a9add230
visual/empty/english-dark/route-manifest.json	4116	e72ea0b27219c65222cf57599b0dd7c080770a496734371cc982dee7752d6bc2
visual/empty/english-dark/runner/runner-stderr.txt	2905	69950995e0aacda62561cd508a16c6f601ab636615ce0454c34823d9b6cdf78c
visual/empty/english-dark/runner/runner-stdout.txt	0	e3b0c44298fc1c149afbf4c8996fb92427ae41e4649b934ca495991b7852b855
visual/empty/english-dark/settled-final.png	92484	5ec1a62e9f68b47cf287f2a4d7ec5f06060ffe34d71e90cd7645bebeafc57879
visual/empty/english-dark/startup-complete.png	92484	5ec1a62e9f68b47cf287f2a4d7ec5f06060ffe34d71e90cd7645bebeafc57879
visual/empty/english-dark/startup-metrics.json	269349	0dc8b6849dad6364ac311a777b4e1c3ef85dad9b218f83b1be595ac4c7c52bd9
visual/empty/english-light/route-manifest.json	4129	29b1dcf49508621501aa25a03f6cd95d774a7a881c284c8bc35a9935a0bcbd00
visual/empty/english-light/runner/runner-stderr.txt	2907	fc4a4010bc2595a4967463649b4076f0025f4d9d8896327e53a8df53231e8893
visual/empty/english-light/runner/runner-stdout.txt	0	e3b0c44298fc1c149afbf4c8996fb92427ae41e4649b934ca495991b7852b855
visual/empty/english-light/settled-final.png	94609	f3b9c2c7f0d24845f4d3351f2b7fa30ddc486b1b3ce64761e29470e767ce02c9
visual/empty/english-light/startup-complete.png	94609	f3b9c2c7f0d24845f4d3351f2b7fa30ddc486b1b3ce64761e29470e767ce02c9
visual/empty/english-light/startup-metrics.json	269349	335f63bad9c8c34bfcb7d1934f81758e6445e60adbc4bab63af5434585b1d8d0
visual/empty/korean-dark/route-manifest.json	4103	112d7177877cc57992877220818d1c917323307479305c17b6a5a2f7da1510fb
visual/empty/korean-dark/runner/runner-stderr.txt	2917	47a3a9356c5ca1a9a29d7c50908806d2908632aca1755a2e9f741158cd1ef078
visual/empty/korean-dark/runner/runner-stdout.txt	0	e3b0c44298fc1c149afbf4c8996fb92427ae41e4649b934ca495991b7852b855
visual/empty/korean-dark/settled-final.png	78136	1170855ac29ea07080a86d27124d2c9d4e8485f35138bd0f403527b99f3955a2
visual/empty/korean-dark/startup-complete.png	78136	1170855ac29ea07080a86d27124d2c9d4e8485f35138bd0f403527b99f3955a2
visual/empty/korean-dark/startup-metrics.json	269353	545e949bc761be767f51015e32ebf2d78ac0b82447f516d4438c1ceb4f38a94c
visual/empty/korean-light/route-manifest.json	4116	d0d776fe6d62ac2ec49cb0f51f5af7cdcc88ee0f32224c8f82275086d0b5df79
visual/empty/korean-light/runner/runner-stderr.txt	2919	8332567e5a8695143d6adac4bda5a36d257ef6e46c0fa76b90faebf7da1cdb90
visual/empty/korean-light/runner/runner-stdout.txt	0	e3b0c44298fc1c149afbf4c8996fb92427ae41e4649b934ca495991b7852b855
visual/empty/korean-light/settled-final.png	81682	201bb01ba33927ee22d98d3baf28e07eb410c9f01a2c38f07af6b17779d86c44
visual/empty/korean-light/startup-complete.png	81682	201bb01ba33927ee22d98d3baf28e07eb410c9f01a2c38f07af6b17779d86c44
visual/empty/korean-light/startup-metrics.json	269350	3fe243cd57dcb93b34fc21a1234440638b905892a5a633bf55a5e216ae1ca0fc
visual/pdf-viewer/generated-large-pdf-viewer-visual.tps	622592	dadd8dcfb7abbbb291e5975286413cf1c489c793c8e640d33c181112df38835f
visual/pdf-viewer/large-pdf-viewer-visual-workflow.json	1018799	f36c1011f51462d575e354297b0d0842753ea3ea9ad289611c9ac582aa8835bb
visual/pdf-viewer/manifest.json	1031	09d184d002c56a4f041bf4b045f1b76a82a49705cd8c73336271d37c19ea42f4
visual/pdf-viewer/pdf-catalog.png	11035	7551531850aa8752425040a4994c8d9103f006e7e64ddf65aaee60e1019dc449
visual/pdf-viewer/pdf-closed.png	11465	d055cc865dffd8707a8712d0a208cc235eb78b1a0e3ab9bba8805a8a200843f1
visual/pdf-viewer/pdf-error.png	15617	135a7bfe8b70835ec50dbbe3808b6a525bd62c13e84582df9b2e858347ee44be
visual/pdf-viewer/pdf-opened.png	17089	dda9ec78e30dec0b7a32fc1c5e7b56a2282b185a759ce3370b6df38d49de3318
visual/pdf-viewer/pdf-reopened.png	17089	dda9ec78e30dec0b7a32fc1c5e7b56a2282b185a759ce3370b6df38d49de3318
visual/pdf-viewer/process-stderr.txt	3899	5d1096ffc2a46b811e0a4b1d712547af4e22c9418775f1ca2bdcecbecf6999b6
visual/pdf-viewer/process-stdout.txt	0	e3b0c44298fc1c149afbf4c8996fb92427ae41e4649b934ca495991b7852b855
visual/pdf-viewer/route-manifest.json	3230	182762dc4065a32ed9310eb92df2d93602702d34dd764fc163e9737ac5de5f1c
visual/pdf-viewer/runner/runner-stderr.txt	0	e3b0c44298fc1c149afbf4c8996fb92427ae41e4649b934ca495991b7852b855
visual/pdf-viewer/runner/runner-stdout.txt	533	55485a6be77b224dfd4102dd9e5de3b3652884888a44830cb662d47e45c9a374
visual/pdf-viewer/workflow-trace.txt	8071	0724e50add08ef6849f2e680cfa088f009d31f5a0bb185367bfe8225d425b710
visual/representative/representative/english-dark/startup-complete.png	75068	5b753f7f6c4118d5feb0554e5b038bf29c115bf4abe25ed8b15b6b4f42771446
visual/representative/representative/english-light/startup-complete.png	77365	009c8a960edea5af403d4c6983bb15c3ec1d52a35aa71bd011045252d779ca88
visual/representative/representative/korean-dark/startup-complete.png	71101	57158df1cca0e7fac5e10560475e774a15d4c595d2996457376c25a19610c2a9
visual/representative/representative/korean-light/startup-complete.png	73447	a9d57b3f8736c6faf85252df3e08ffb56c49e37848b7fce8ab6b580c376ce852
visual/representative/route-manifest.json	3229	21f5ab8b3508a98b2178b16d2c06755803baef47e7291a43607f164a54cb4438
visual/representative/runner/runner-stderr.txt	0	e3b0c44298fc1c149afbf4c8996fb92427ae41e4649b934ca495991b7852b855
visual/representative/runner/runner-stdout.txt	522	6e4fda2e0b9f603464b8392064adc4c3a5840408d3e08cfca216022eeeb34f4d
visual/sub-prep/empty/metrics.json	1057007	7d0337939ee50f48ab557df74ec73ea59227b6d52a80678403c98d165500bae6
visual/sub-prep/empty/process-stderr.txt	4181	4548feb44ec63a543afa5da556a1ef3cbdcd0d944164015bff9c9a5cbfcdd6c0
visual/sub-prep/empty/process-stdout.txt	0	e3b0c44298fc1c149afbf4c8996fb92427ae41e4649b934ca495991b7852b855
visual/sub-prep/empty/startup-complete.png	72409	369298a57466133bc51321c4831c3105d468e1a965a008230de01db5dddce674
visual/sub-prep/empty/sub-prep-empty.png	73769	0330ea97dfbe683074fad3d38a2e9214e4b07b83173d271586696ff75dd6540e
visual/sub-prep/empty/workflow-trace.txt	10555	c43de853de0cb4456406aa09b54c437bed885b2b9815a565f6daf76955888a86
visual/sub-prep/english-dark/metrics.json	1093157	1c24ea4d91c54f4825d43a17d2f6f1688a11e2ca932701c907014496b2dc84ce
visual/sub-prep/english-dark/process-stderr.txt	4516	556cee80acc9df30fc334019cbc826bd7b65f41fb3c4427ef965d86b6df4670b
visual/sub-prep/english-dark/process-stdout.txt	0	e3b0c44298fc1c149afbf4c8996fb92427ae41e4649b934ca495991b7852b855
visual/sub-prep/english-dark/startup-complete.png	73817	c05c62c9d872c411d5dc3c5dc984bf1c6c9d1d52f1345181577ea71f7c1a9bd0
visual/sub-prep/english-dark/sub-prep-changed-selection.png	86196	ddc0e3a3fab523896088994d67320ca628b31927542ddbd91346f1f85e7bebc2
visual/sub-prep/english-dark/sub-prep-editing-read-only.png	67177	d2b14be62c4865d6b9e8fd201951963bf984a94cc3a46724a7dc9c73fa59eef9
visual/sub-prep/english-dark/sub-prep-selected.png	84776	f3aee5aedafdda71603c6f4431a7930341c2e6966a333337bc1af37c2d395c5d
visual/sub-prep/english-dark/workflow-trace.txt	16373	3d3c839fdf00c986c993dc2306f74125b96d584d399c75a7f41fcc0587f37263
visual/sub-prep/english-light/metrics.json	1093157	e0c3a9b533083c34e9ff6879ceca1da4ab7facaa59c64954ba17194d2c308af1
visual/sub-prep/english-light/process-stderr.txt	4520	0554c456227cb0bc7bfdd2a1ec83aa7d80be07ed7744a8fcd41104b980922cbe
visual/sub-prep/english-light/process-stdout.txt	0	e3b0c44298fc1c149afbf4c8996fb92427ae41e4649b934ca495991b7852b855
visual/sub-prep/english-light/startup-complete.png	76517	93e7e0112f88b815a18e964c7ef1472bcca8316cf06d10797bb61882e2616d56
visual/sub-prep/english-light/sub-prep-changed-selection.png	92140	d53e4e6aaa10f771ae824840ffda48766e247441ef0fca39d2982d37c8230278
visual/sub-prep/english-light/sub-prep-editing-read-only.png	71449	b9c9450f985dbedfb8d35734661f7ad2f8541e9a8cf2046626f11f155e50ba3d
visual/sub-prep/english-light/sub-prep-selected.png	90558	466cac37bdf7a19799ff978116d7c2d47f7dcdbcc7be90f97ac3bb08afe235e7
visual/sub-prep/english-light/workflow-trace.txt	16373	3d3c839fdf00c986c993dc2306f74125b96d584d399c75a7f41fcc0587f37263
visual/sub-prep/generated-large-sub-prep-empty.tps	622592	e4c10eefdbb7a0a62f7e84c9702decac4f8e4ece30f2a70cd95723e3418dd72b
visual/sub-prep/generated-large-sub-prep-visual.tps	622592	dadd8dcfb7abbbb291e5975286413cf1c489c793c8e640d33c181112df38835f
visual/sub-prep/korean-dark/metrics.json	1093175	5fdd185af83ffd89bb827b8e877b6f520c90fe1efb51d4f8149ad3c43e7295d8
visual/sub-prep/korean-dark/process-stderr.txt	4526	542ec2d0de2c3987744902c732042100707b92c1a27a51c33078aadf88786562
visual/sub-prep/korean-dark/process-stdout.txt	0	e3b0c44298fc1c149afbf4c8996fb92427ae41e4649b934ca495991b7852b855
visual/sub-prep/korean-dark/startup-complete.png	70611	57fecc188f84b5b8646b6c915a1eeb961b9a196784945a0bfbe3e0807d3234f3
visual/sub-prep/korean-dark/sub-prep-changed-selection.png	79863	45be712fcf4ccd1c806e3de99c44b4623dd45741e3d541d451f88ea005cbc086
visual/sub-prep/korean-dark/sub-prep-editing-read-only.png	58333	b2d4557395f668ef22c61b98ff97d7dd7125349489889b39da64cb9c2e36aea9
visual/sub-prep/korean-dark/sub-prep-selected.png	79260	aa3f7036e816807b3d0d1b5fa760a5918045af4b94ee116b4409cc72cc3bc578
visual/sub-prep/korean-dark/workflow-trace.txt	16373	3d3c839fdf00c986c993dc2306f74125b96d584d399c75a7f41fcc0587f37263
visual/sub-prep/korean-light/metrics.json	1093175	6590ac0da85679173a33301c9e0e514966e1845862601cfecd533179210d3e2c
visual/sub-prep/korean-light/process-stderr.txt	4530	482abc887b48030ecbe5885ccc5151ddf0af90b245751da11bfd8f462653bcfc
visual/sub-prep/korean-light/process-stdout.txt	0	e3b0c44298fc1c149afbf4c8996fb92427ae41e4649b934ca495991b7852b855
visual/sub-prep/korean-light/startup-complete.png	73152	d3e537538280b3f4314ce684495823a057bfb4b44ddb0020b446f97f72f26ad6
visual/sub-prep/korean-light/sub-prep-changed-selection.png	84833	36cc6607342e03eb733c560fccd1a4e7fde795d08d8fd856b6a8788b4b9ac2f2
visual/sub-prep/korean-light/sub-prep-editing-read-only.png	62037	69234adf9059537006dfa33c3b0acb38cf8084a1d0069bb4ad96674a9936ce78
visual/sub-prep/korean-light/sub-prep-selected.png	84220	ed7c37b5acb0b15f676c85ec74340c1987299d0282495352a1bfc07cb760ccab
visual/sub-prep/korean-light/workflow-trace.txt	16373	3d3c839fdf00c986c993dc2306f74125b96d584d399c75a7f41fcc0587f37263
visual/sub-prep/manifest.json	5011	9180f27f0234de6e28797a871450147bd65b2c0229042dbca1a71604229aa581
visual/sub-prep/route-manifest.json	3218	703b5baa6ad052fe06d32edec9851c308f716317e9f0cfcb1c98781877ee1284
visual/sub-prep/runner/runner-stderr.txt	0	e3b0c44298fc1c149afbf4c8996fb92427ae41e4649b934ca495991b7852b855
visual/sub-prep/runner/runner-stdout.txt	532	49564980b38e2d5ed9a511476643a35f42b0613a5a5964939587a703c04525e2
workflow/representative/captures/settled-final.png	77101	2acfba96640e21eba3519cd762e5fd0fedc01129f0f31e1aa43b3c1a9fd48f68
workflow/representative/captures/startup-complete.png	77365	009c8a960edea5af403d4c6983bb15c3ec1d52a35aa71bd011045252d779ca88
workflow/representative/pdf-captures/pdf-catalog.png	11035	7551531850aa8752425040a4994c8d9103f006e7e64ddf65aaee60e1019dc449
workflow/representative/pdf-captures/pdf-closed.png	11465	d055cc865dffd8707a8712d0a208cc235eb78b1a0e3ab9bba8805a8a200843f1
workflow/representative/pdf-captures/pdf-error.png	15617	135a7bfe8b70835ec50dbbe3808b6a525bd62c13e84582df9b2e858347ee44be
workflow/representative/pdf-captures/pdf-opened.png	17089	dda9ec78e30dec0b7a32fc1c5e7b56a2282b185a759ce3370b6df38d49de3318
workflow/representative/pdf-captures/pdf-reopened.png	17089	dda9ec78e30dec0b7a32fc1c5e7b56a2282b185a759ce3370b6df38d49de3318
workflow/representative/route-manifest.json	4780	2934be6857d6d0909f274803909ebedffc55dd4bf7f2b0926f0a0b8c8fe03911
workflow/representative/runner/runner-stderr.txt	4202	002b6ff102ebf8882d1f175dc518bbfd7d617afce5d0e5b8d0b90d605aa06236
workflow/representative/runner/runner-stdout.txt	0	e3b0c44298fc1c149afbf4c8996fb92427ae41e4649b934ca495991b7852b855
workflow/representative/startup-metrics.json	1012195	738008e9e2459a1ecec71e0c23046437c9635fae6f33ae14014d393985d5a50e
workflow/representative/workflow-trace.txt	3584	6048bd03c7cd679be3ec674d22eafb5e6b4a32f1d247124cfb4ed0171888e1ec
